date,coal_price_usd_t,brent_usd_bbl,bdi,fuel_proxy_usd_t,bdi_lag1,bdi_lag2,bdi_lag3,bdi_lag6,bdi_lag12,bdi_lag18,bdi_lag24,bdi_ma3,bdi_std3,bdi_ma6,bdi_std6,bdi_ma12,bdi_std12,bdi_ma18,bdi_std18,bdi_ma24,bdi_std24,bdi_ret1,bdi_ret3,bdi_ret12,coal_price_usd_t_lag1,coal_price_usd_t_lag3,coal_price_usd_t_lag6,coal_price_usd_t_lag12,coal_price_usd_t_ret1,coal_price_usd_t_ma3,coal_price_usd_t_ma12,brent_usd_bbl_lag1,brent_usd_bbl_lag3,brent_usd_bbl_lag6,brent_usd_bbl_lag12,brent_usd_bbl_ret1,brent_usd_bbl_ma3,brent_usd_bbl_ma12,month_sin,month_cos
2013-01-01,96.9521103896102,112.5278260869565,760,18.00445217391304,699.0,1086.0,1026.0,897.0,680.0,1264.0,1107.0,937.0,208.28586125803162,862.8333333333334,166.94839522040203,885.25,163.33519634064197,1164.111111111111,448.48318073110937,1208.5,400.51390900235646,-0.35635359116022103,-0.08746736292428203,-0.5978135788262371,96.0761278195487,86.885403726708,91.3641233766233,123.085714285714,0.10154232088420789,90.06039146779979,101.4428917136824,109.5690476190476,111.7926086956522,102.9795454545455,111.415,-0.003118596056737033,110.42449149883934,112.01167269747162,0.49999999999999994,0.8660254037844387
2013-02-01,100.347321428571,116.488,757,18.63808,760.0,699.0,1086.0,703.0,750.0,1619.0,1251.0,848.3333333333334,208.072903890279,840.0,170.66809895232595,891.9166666666666,155.64788836188833,1136.111111111111,457.5219556144613,1194.0416666666667,410.4766560292163,0.08726752503576529,-0.2592592592592593,0.11764705882352944,96.9521103896102,87.2196428571427,93.456331428831,124.966836734694,0.00911758820783004,93.41596035543387,99.26509138900708,112.5278260869565,109.9118181818182,113.7804347826087,119.1657142857143,0.027003780102169417,110.66956396260743,112.10440820471798,0.8660254037844386,0.5000000000000001
2013-03-01,97.3167857142855,109.5857142857143,910,17.53371428571429,757.0,760.0,699.0,766.0,934.0,1899.0,1530.0,738.6666666666666,34.3850742813394,849.0,163.26175302256468,892.5,155.07974488219594,1088.2222222222222,449.0389155879682,1173.4583333333333,419.7767501035953,-0.003947368421052588,-0.30294659300184157,0.009333333333333416,100.347321428571,96.0761278195487,93.181607142857,114.150974025974,0.0350194650257416,97.79185321257664,97.21346511349684,116.488,109.5690476190476,113.6415,124.7031818181818,0.035192841190971436,112.86162456866803,111.88126534757514,1.0,6.123233995736766e-17
2013-04-01,93.233163265306,102.96,863,16.473599999999998,910.0,757.0,760.0,1026.0,1155.0,1965.0,1269.0,809.0,87.48142660016424,873.0,159.1527568093021,890.5,154.65004482261253,1033.2777777777778,402.04430624373566,1147.625,415.94102973545586,0.2021136063408191,0.301859799713877,-0.025695931477516032,97.3167857142855,96.9521103896102,86.885403726708,110.353759398496,-0.03020046445826341,98.20540584415556,95.81061608752277,109.5857142857143,112.5278260869565,111.7926086956522,120.47,-0.05925319100925153,112.8671801242236,110.62147638653619,0.8660254037844387,-0.4999999999999998
2013-05-01,93.1260204081631,102.9804347826087,809,16.47686956521739,863.0,910.0,757.0,1086.0,923.0,1846.0,1480.0,843.3333333333334,78.37303958207357,845.8333333333334,140.6490905291164,866.1666666666666,130.30511978592378,972.0555555555555,329.1070757675405,1130.7083333333333,419.0346544937146,-0.05164835164835169,0.13552631578947372,-0.2528138528138528,93.233163265306,100.347321428571,87.2196428571427,103.81948051948,-0.04196215913839052,96.96575680272083,94.3838997430903,102.96,116.488,109.9118181818182,110.8221739130435,-0.060461478294877025,109.67790476190476,109.1623097198695,0.49999999999999994,-0.8660254037844387
2013-06-01,89.6426785714284,103.3585,1171,16.53736,809.0,863.0,910.0,699.0,1004.0,1738.0,1413.0,860.6666666666666,50.540412872604065,799.6666666666666,77.20017271138501,856.6666666666666,129.94007943057423,914.4444444444445,247.85674757863998,1102.75,417.09672009384536,-0.06257242178447275,0.06869220607661819,-0.12351029252437706,93.1260204081631,97.3167857142855,96.0761278195487,92.7546992481201,-0.0011491925554216742,94.55865646258486,93.49277806714723,102.9804347826087,109.5857142857143,109.5690476190476,95.88904761904762,0.0001984730245601085,105.17538302277433,108.50883145899995,1.2246467991473532e-16,-1.0
2013-07-01,82.222360248447,107.7795652173913,1062,17.244730434782607,1171.0,809.0,863.0,760.0,897.0,680.0,1264.0,947.6666666666666,195.28782177425535,878.3333333333334,155.19235376353933,870.5833333333334,153.88984155340805,882.9444444444445,156.06879034663422,1092.6666666666667,412.166351670385,0.4474660074165637,0.2868131868131869,0.16633466135458175,89.6426785714284,93.233163265306,96.9521103896102,91.3641233766233,-0.03740460315460181,92.00062074829917,93.23344301075626,103.3585,102.96,112.5278260869565,102.9795454545455,0.0036712334550674797,103.09964492753623,109.13128582407928,-0.4999999999999997,-0.8660254037844388
2013-08-01,82.2214285714284,111.0581818181818,1132,17.769309090909086,1062.0,1171.0,809.0,757.0,703.0,750.0,1619.0,1014.0,185.71214284478012,928.6666666666666,158.084365661717,884.3333333333334,163.53389047329924,904.1666666666666,152.78676028258235,1084.25,410.574915051523,-0.09308283518360372,0.23059096176129779,0.18394648829431448,82.222360248447,93.1260204081631,100.347321428571,93.456331428831,-0.08277662427354626,88.33035307601283,92.47162941674155,107.7795652173913,102.9804347826087,116.488,113.7804347826087,0.04277408454448639,104.70616666666668,109.53128747098312,-0.8660254037844385,-0.5000000000000004
2013-09-01,83.2959183673468,111.9628571428571,2003,17.914057142857136,1132.0,1062.0,1171.0,910.0,766.0,934.0,1899.0,1121.6666666666667,55.2298228616876,991.1666666666666,150.5927178407619,920.0833333333334,167.14090861704994,925.3888888888889,156.59582253044664,1063.9583333333333,394.72560410522146,0.06591337099811678,0.39925834363411616,0.6102418207681366,82.2214285714284,89.6426785714284,97.3167857142855,93.181607142857,-1.1331187961372002e-05,84.69548913043461,91.53538751195799,111.0581818181818,103.3585,109.5857142857143,113.6415,0.03041964953354137,107.3987490118577,109.30443305728086,-1.0,-1.8369701987210297e-16
2013-10-01,85.4436335403726,109.6186956521739,1504,17.538991304347824,2003.0,1132.0,1062.0,863.0,1026.0,1155.0,1965.0,1399.0,524.2489866466126,1173.3333333333333,431.6251460082777,1023.1666666666666,347.5563612458042,984.7777777777778,298.48274273803247,1068.2916666666667,404.7352843060745,0.7694346289752649,0.7105038428693424,1.6148825065274153,83.2959183673468,82.222360248447,93.233163265306,86.885403726708,0.013068245280911883,82.57990239574075,90.71158011399882,111.9628571428571,107.7795652173913,102.96,111.7926086956522,0.008145958360423977,110.26686805947674,109.16454615251898,-0.8660254037844386,0.5000000000000001
2013-11-01,88.3632653061223,108.1504761904762,1821,17.30407619047619,1504.0,2003.0,1132.0,809.0,1086.0,923.0,1846.0,1546.3333333333333,437.0404252850458,1280.1666666666667,418.58209071419526,1063.0,374.2752997460555,1004.1666666666666,320.6989150553011,1049.0833333333333,369.75584384559926,-0.24912631053419865,0.4161958568738229,0.46588693957115,85.4436335403726,82.2214285714284,93.1260204081631,87.2196428571427,0.025784158637330412,83.65366015971593,90.59143259847086,109.6186956521739,111.0581818181818,102.9804347826087,109.9118181818182,-0.020936956688164976,110.8799115377376,108.9833867322291,-0.5000000000000004,0.8660254037844384
2013-12-01,89.4444642857142,111.0704545454545,2277,17.77127272727272,1821.0,1504.0,2003.0,1171.0,699.0,1004.0,1738.0,1776.0,252.52524626262726,1448.8333333333333,393.9205080554533,1124.25,433.7907172400489,1054.0555555555557,372.92492103910985,1048.0416666666667,367.4411492857135,0.21077127659574457,0.6086572438162545,0.6767955801104972,88.3632653061223,83.2959183673468,89.6426785714284,96.0761278195487,0.034170266932411764,85.70093907128057,90.68673446921918,108.1504761904762,111.9628571428571,103.3585,109.5690476190476,-0.013393878233658563,109.9106763285024,108.83660823295061,-2.4492935982947064e-16,1.0
2014-01-01,87.9735389610388,107.9269565217391,1110,17.268313043478255,2277.0,1821.0,1504.0,1062.0,760.0,897.0,680.0,1867.3333333333333,388.57731963321527,1633.1666666666667,485.93473498677383,1255.75,523.1379315768884,1124.7777777777778,470.7502841904183,1070.5,423.6225760704001,0.25041186161449747,0.13679480778831743,2.257510729613734,89.4444642857142,85.4436335403726,82.222360248447,96.9521103896102,0.012235842302185551,87.75045437740305,90.13409584139963,111.0704545454545,109.6186956521739,107.7795652173913,112.5278260869565,0.026999218661188262,109.61320879603487,108.96172547681785,0.49999999999999994,0.8660254037844387
2014-02-01,83.0276785714285,108.838,1258,17.41408,1110.0,2277.0,1821.0,1132.0,757.0,703.0,750.0,1736.0,588.1249867162596,1641.1666666666667,474.9212215374946,1284.9166666666667,502.3284796974498,1136.611111111111,467.35263659051367,1088.4166666666667,415.402153672032,-0.5125164690382082,-0.26196808510638303,0.4605263157894737,87.9735389610388,88.3632653061223,82.2214285714284,100.347321428571,-0.01644512420552713,88.59375618429176,89.38588155568534,107.9269565217391,108.1504761904762,111.0581818181818,116.488,-0.028301838113293676,109.0492957525566,108.57831967971642,0.8660254037844386,0.5000000000000001
2014-03-01,79.7530612244897,107.8680952380952,1362,17.25889523809523,1258.0,1110.0,2277.0,2003.0,910.0,766.0,934.0,1548.3333333333333,635.3678724434639,1662.1666666666667,450.0379613617789,1326.6666666666667,474.51263673820335,1167.4444444444443,455.2128425540562,1109.5833333333333,410.3199087739127,0.1333333333333333,-0.3091707852828116,0.6618229854689563,83.0276785714285,89.4444642857142,83.2959183673468,97.3167857142855,-0.05621986392750089,86.81522727272716,87.9425779842568,108.838,111.0704545454545,111.9628571428571,109.5857142857143,0.008441296851332769,109.2784703557312,107.94081967971641,1.0,6.123233995736766e-17
2014-04-01,78.5207142857142,108.0036363636364,943,17.280581818181826,1362.0,1258.0,1110.0,1504.0,863.0,1026.0,1155.0,1243.3333333333333,126.63859338027032,1555.3333333333333,428.51448828092873,1364.3333333333333,456.010034445681,1200.5555555555557,445.87511074188154,1127.4166666666667,411.6556091925753,0.08267090620031792,-0.40184453227931494,0.4967032967032967,79.7530612244897,87.9735389610388,85.4436335403726,93.233163265306,-0.03944006870096517,83.58475958565232,86.47893427677381,107.8680952380952,107.9269565217391,109.6186956521739,102.96,-0.008911453370190614,108.2110172532781,107.79768475908146,0.8660254037844387,-0.4999999999999998
2014-05-01,78.8346428571427,109.8322727272727,934,17.57316363636363,943.0,1362.0,1258.0,1821.0,809.0,1086.0,923.0,1187.6666666666667,218.1750062067912,1461.8333333333333,497.5915661128778,1371.0,448.5380291974843,1195.9444444444443,448.2095718092576,1118.5833333333333,413.30922381765663,-0.30763582966226133,-0.15045045045045047,0.09269988412514474,78.5207142857142,83.0276785714285,88.3632653061223,93.1260204081631,-0.015452033061234771,80.43381802721079,85.25289686180784,108.0036363636364,108.838,108.1504761904762,102.9804347826087,0.001256545090946748,108.2365772005772,108.21798778938451,0.49999999999999994,-0.8660254037844387
2014-06-01,77.348469387755,112.2409523809524,850,17.958552380952383,934.0,943.0,1362.0,2277.0,1171.0,699.0,1004.0,1079.6666666666667,244.54924521112974,1314.0,501.29153194523445,1381.4166666666667,435.56368041535484,1187.5,451.82014250857685,1119.0416666666667,413.08894496134303,-0.009544008483563071,-0.2575516693163752,0.15451174289245984,78.8346428571427,79.7530612244897,89.4444642857142,89.6426785714284,0.003998035095378771,79.03613945578219,84.06194873255613,109.8322727272727,107.8680952380952,111.0704545454545,103.3585,0.016931248106123675,108.56800144300144,108.78897428477318,1.2246467991473532e-16,-1.0
2014-07-01,74.0380434782607,107.4626086956522,755,17.194017391304353,850.0,934.0,943.0,1110.0,1062.0,760.0,897.0,909.0,51.29327441292613,1076.1666666666667,202.4869543122892,1354.6666666666667,458.8933988576771,1195.888888888889,443.54267503270023,1112.625,416.138439809346,-0.08993576017130622,-0.3759177679882526,-0.27412467976088817,77.348469387755,78.5207142857142,87.9735389610388,82.222360248447,-0.018851781596585737,78.2346088435373,83.03743130058335,112.2409523809524,108.0036363636364,107.9269565217391,107.7795652173913,0.02193052728373157,110.0256204906205,109.52917864985255,-0.4999999999999997,-0.8660254037844388
2014-08-01,74.2483928571428,102.4019047619048,1147,16.38430476190477,755.0,850.0,934.0,1258.0,1132.0,757.0,703.0,846.3333333333334,89.55631375471535,1017.0,239.16688734020133,1329.0833333333333,484.5341639767062,1195.611111111111,443.8331879127682,1106.7083333333333,420.325906593471,-0.11176470588235299,-0.19936373276776242,-0.2890772128060264,74.0380434782607,78.8346428571427,83.0276785714285,82.2214285714284,-0.04279885478921153,76.7403852410528,82.35540490306782,107.4626086956522,109.8322727272727,108.838,111.0581818181818,-0.04257219476436924,109.84527793462576,109.5027656063743,-0.8660254037844385,-0.5000000000000004
2014-09-01,71.5256493506492,97.85272727272728,1063,15.656436363636365,1147.0,755.0,850.0,1362.0,2003.0,910.0,766.0,917.3333333333334,204.4904235736556,998.5,220.3494951208207,1330.3333333333333,483.99855997782225,1217.2777777777778,430.4804163825447,1125.2083333333333,411.4622893774232,0.5192052980132451,0.22805139186295498,0.013250883392226243,74.2483928571428,77.348469387755,79.7530612244897,83.2959183673468,0.002841098562306854,75.21163524105283,81.6909852602107,102.4019047619048,112.2409523809524,107.8680952380952,111.9628571428571,-0.047092695730846734,107.36848861283646,108.78140918501788,-1.0,-1.8369701987210297e-16
2014-10-01,68.9846273291924,87.58478260869565,1428,14.013565217391303,1063.0,1147.0,755.0,943.0,1504.0,863.0,1026.0,988.3333333333334,206.39121428329537,948.6666666666666,141.34874129848967,1252.0,439.23011156919824,1225.7777777777778,425.5383518425678,1137.5833333333333,404.59812768664216,-0.0732345248474281,0.25058823529411756,-0.4692960559161258,71.5256493506492,74.0380434782607,78.5207142857142,85.4436335403726,-0.0366707399543621,73.27069522868423,80.71012950881924,97.85272727272728,107.4626086956522,108.0036363636364,109.6186956521739,-0.04442473506479039,102.57241357676143,107.6055650291737,-0.8660254037844386,0.5000000000000001
2014-11-01,67.3307142857142,79.2295,1153,12.676720000000001,1428.0,1063.0,1147.0,934.0,1821.0,809.0,1086.0,1212.6666666666667,191.15525975848365,1029.5,241.0068463757836,1245.6666666666667,435.80069116999096,1257.1666666666667,417.9755481167883,1154.3333333333333,408.08403510814423,0.3433678269049858,0.8913907284768212,-0.05053191489361697,68.9846273291924,74.2483928571428,78.8346428571427,88.3632653061223,-0.03552602520250636,71.58622317899481,79.33854565788754,87.58478260869565,102.4019047619048,109.8322727272727,108.1504761904762,-0.10493263652645712,95.94647154777591,105.76940560888387,-0.5000000000000004,0.8660254037844384
2014-12-01,67.1622448979591,62.90391304347826,782,10.064626086956522,1153.0,1428.0,1063.0,850.0,2277.0,1171.0,699.0,1214.6666666666667,190.15344680897417,1066.0,240.23322001754983,1190.0,396.5232997854308,1276.2777777777778,403.9061925971188,1157.125,407.8253369210682,-0.1925770308123249,0.005231037489102031,-0.36683141131246566,67.3307142857142,71.5256493506492,77.348469387755,89.4444642857142,-0.023975095720758066,69.28033032185193,77.58583307285353,79.2295,97.85272727272728,112.2409523809524,111.0704545454545,-0.09539651021370588,88.22233662714098,103.35932425967752,-2.4492935982947064e-16,1.0
2015-01-01,64.7163265306122,48.93318181818182,608,7.829309090909092,782.0,1153.0,1428.0,755.0,1110.0,1062.0,760.0,1121.0,324.18667461818967,1054.6666666666667,253.68852293051646,1065.4166666666667,219.12655468860046,1254.6666666666667,419.9582612313642,1160.5833333333333,404.1065202519567,-0.3217692974848222,-0.264346190028222,-0.6565656565656566,67.1622448979591,68.9846273291924,74.0380434782607,87.9735389610388,-0.00250211793447197,67.82586217095523,75.72898145720727,62.90391304347826,87.58478260869565,107.4626086956522,107.9269565217391,-0.2060543983809281,76.57273188405797,99.3454458011795,0.49999999999999994,0.8660254037844387
2015-02-01,70.659107142857,58.254,540,9.32064,608.0,782.0,1153.0,1147.0,1258.0,1132.0,757.0,847.6666666666666,278.37085575421344,1030.1666666666667,292.5401966681967,1023.5833333333334,254.8480682265163,1229.4444444444443,445.0915599424755,1154.25,411.7759257696817,-0.22250639386189264,-0.5742296918767507,-0.4522522522522523,64.7163265306122,67.3307142857142,74.2483928571428,83.0276785714285,-0.03641805557665656,66.40309523809516,73.7908804213384,48.93318181818182,79.2295,102.4019047619048,108.838,-0.22209637762344092,63.688864953886686,94.42929790921637,0.8660254037844386,0.5000000000000001
2015-03-01,68.3449675324675,56.52454545454545,602,9.043927272727272,540.0,608.0,782.0,1063.0,1362.0,2003.0,910.0,643.3333333333334,124.8091876959903,929.0,344.41370472151755,963.75,278.03927943564037,1196.5555555555557,473.6701784031763,1145.2083333333333,423.10446640605653,-0.11184210526315785,-0.5316565481352993,-0.5707472178060413,70.659107142857,67.1622448979591,71.5256493506492,79.7530612244897,0.0918281511147534,67.51255952380943,72.7601661356241,58.254,62.90391304347826,97.85272727272728,107.8680952380952,0.19048052539176785,56.69703162055336,90.21396457588305,1.0,6.123233995736766e-17
2015-04-01,61.1978571428571,59.82636363636364,591,9.572218181818183,602.0,540.0,608.0,1428.0,943.0,1504.0,863.0,583.3333333333334,37.64748774264869,852.1666666666666,359.6267046072461,900.4166666666666,265.34555800222904,1118.7222222222222,447.7576557700088,1132.375,435.05120263371714,0.11481481481481493,-0.2301790281329923,-0.5580029368575624,68.3449675324675,64.7163265306122,68.9846273291924,78.5207142857142,-0.03275076213050376,67.90680040197891,71.80949166128892,56.52454545454545,48.93318181818182,87.58478260869565,108.0036363636364,-0.02968816811643049,54.57057575757576,85.9353354272539,0.8660254037844387,-0.4999999999999998
2015-05-01,65.6712406015037,65.19380952380952,589,10.431009523809523,591.0,602.0,540.0,1153.0,934.0,1821.0,809.0,577.6666666666666,33.08070938376137,712.6666666666666,230.87630165668295,871.0833333333334,279.2995974782532,1068.0,453.2250447365753,1121.0416666666667,445.78416293934936,-0.01827242524916939,-0.02796052631578949,-0.3732767762460233,61.1978571428571,70.659107142857,67.3307142857142,78.8346428571427,-0.1045740549399653,66.7339772727272,70.3659202327175,59.82636363636364,58.254,79.2295,109.8322727272727,0.05841388294707062,58.20163636363636,81.92056269998118,0.49999999999999994,-0.8660254037844387
2015-06-01,63.1047077922077,62.62,800,10.0192,589.0,591.0,602.0,782.0,850.0,2277.0,1171.0,594.0,6.999999999968433,618.6666666666666,83.55038400072027,842.3333333333334,289.7937615657441,999.5555555555555,424.9656349043688,1111.875,454.6533617469756,-0.0033840947546531774,0.09074074074074079,-0.3693790149892934,65.6712406015037,68.3449675324675,67.1622448979591,77.348469387755,0.07309706037915942,65.07135509227611,69.26897004474758,65.19380952380952,56.52454545454545,62.90391304347826,112.2409523809524,0.08971706721254646,60.514906204906204,78.20069076635924,1.2246467991473532e-16,-1.0
2015-07-01,64.4832298136645,56.8295652173913,1131,9.092730434782608,800.0,589.0,591.0,608.0,755.0,1110.0,1062.0,660.0,121.24768039018157,621.6666666666666,90.61272905429904,838.1666666666666,290.03286125206523,917.5,282.5191820660929,1096.4166666666667,458.84343419237183,0.3582342954159592,0.3289036544850499,-0.05882352941176472,63.1047077922077,61.1978571428571,64.7163265306122,74.0380434782607,-0.03908153380061519,63.324601845522835,68.0819899117853,62.62,59.82636363636364,48.93318181818182,107.4626086956522,-0.03947935459837704,62.546724386724385,74.06561140127988,-0.4999999999999997,-0.8660254037844388
2015-08-01,63.3932142857142,47.53380952380952,903,7.605409523809524,1131.0,800.0,589.0,540.0,1147.0,1258.0,1132.0,840.0,273.2050511978133,708.8333333333334,225.69839757221953,869.5,300.35781691478803,918.6666666666666,283.40285190976516,1099.2916666666667,458.8345803243795,0.41375000000000006,0.9137055837563453,0.4980132450331125,64.4832298136645,65.6712406015037,70.659107142857,74.2483928571428,0.02184499492487979,64.4197260691253,67.28575543973561,56.8295652173913,65.19380952380952,58.254,102.4019047619048,-0.09246941524446983,61.54779158040028,69.8461911114248,-0.8660254037844385,-0.5000000000000004
2015-09-01,61.7654220779219,48.03045454545455,900,7.684872727272729,903.0,1131.0,800.0,602.0,1063.0,1362.0,2003.0,944.6666666666666,169.38811449843,769.3333333333334,219.96969488242598,849.1666666666666,287.863235624561,898.9444444444445,270.45592708745,1089.75,460.5028678568116,-0.2015915119363395,0.5331069609507639,-0.21272885789014817,63.3932142857142,63.1047077922077,68.3449675324675,71.5256493506492,-0.0169038606022075,63.66038396386213,66.3811572254499,47.53380952380952,62.62,56.52454545454545,97.85272727272728,-0.16357252880648532,55.6611249137336,65.27384984158354,-1.0,-1.8369701987210297e-16
2015-10-01,57.3306818181817,48.90636363636364,721,7.825018181818183,900.0,903.0,1131.0,591.0,1428.0,943.0,1504.0,978.0,132.51037695214637,819.0,207.94518508491808,835.5833333333334,280.6101981990897,873.2777777777778,244.61393485282687,1043.7916666666667,418.52400888657866,-0.0033222591362126463,0.125,-0.15333960489181564,61.7654220779219,64.4832298136645,61.1978571428571,68.9846273291924,-0.025677704248530775,63.213955392433526,65.56780495272262,48.03045454545455,56.8295652173913,59.82636363636364,87.58478260869565,0.010448247818140022,50.797943095551794,61.121993780977476,-0.8660254037844386,0.5000000000000001
2015-11-01,55.7780612244897,45.0952380952381,584,7.215238095238097,721.0,900.0,903.0,589.0,1153.0,934.0,1821.0,841.3333333333334,104.22251836015636,840.6666666666666,184.93746690886482,776.6666666666666,210.34185738862348,860.9444444444445,246.48122997913282,1011.1666666666666,411.55016247340285,-0.1988888888888889,-0.3625110521662246,-0.4950980392156863,57.3306818181817,63.3932142857142,65.6712406015037,67.3307142857142,-0.07179972402917323,60.8297727272726,64.59664282680507,48.90636363636364,47.53380952380952,65.19380952380952,79.2295,0.018236535531433562,48.15687590187591,57.89879219994981,-0.5000000000000004,0.8660254037844384
2015-12-01,55.8658163265305,38.52521739130435,478,6.164034782608696,584.0,721.0,900.0,800.0,782.0,850.0,2277.0,735.0,158.46450706703914,839.8333333333334,186.30449985619637,729.25,179.69525971387048,841.5,254.067672782157,959.625,382.1265226961173,-0.19001386962552014,-0.353266888150609,-0.49349522983521243,55.7780612244897,61.7654220779219,63.1047077922077,67.1622448979591,-0.027081844214167594,58.2913883735311,63.6339217383697,45.0952380952381,48.03045454545455,62.62,62.90391304347826,-0.07792698654642627,47.34401875901877,55.05427037455299,-2.4492935982947064e-16,1.0
2016-01-01,53.4289285714285,32.0452380952381,317,5.127238095238096,478.0,584.0,721.0,1131.0,608.0,755.0,1110.0,594.3333333333334,121.82911529405807,786.1666666666666,238.99909344319187,703.9166666666666,192.5515082603414,820.8333333333334,268.0790598926764,884.6666666666666,273.4729406639028,-0.18150684931506844,-0.4688888888888889,-0.38874680306905374,55.8658163265305,57.3306818181817,64.4832298136645,64.7163265306122,0.0015732906471528363,56.3248531230673,62.69255269075064,38.52521739130435,48.90636363636364,56.8295652173913,48.93318181818182,-0.14569211698269136,44.17560637430203,53.02271240353849,0.49999999999999994,0.8660254037844387
2016-02-01,53.7816326530611,33.76238095238095,329,5.401980952380952,317.0,478.0,584.0,903.0,540.0,1147.0,1258.0,459.6666666666667,134.44081721461222,650.5,235.10742225629775,679.6666666666666,221.82807975929452,796.5,293.1155664479757,851.625,292.3205227887335,-0.33682008368200833,-0.5603328710124826,-0.4786184210526315,53.4289285714285,55.7780612244897,63.3932142857142,70.659107142857,-0.04362037316090783,55.024268707482896,61.751936194151995,32.0452380952381,45.0952380952381,47.53380952380952,58.254,-0.1682009793805569,38.55523119392685,51.61538375995985,0.8660254037844386,0.5000000000000001
2016-03-01,55.4352040816325,39.79217391304348,429,6.366747826086956,329.0,317.0,478.0,900.0,602.0,1063.0,1362.0,374.6666666666667,89.69020756656042,554.8333333333334,228.50419398047794,662.0833333333334,241.40402133177162,751.0555555555555,298.93112962928086,812.9166666666666,297.6294627577207,0.03785488958990535,-0.4366438356164384,-0.3907407407407407,53.7816326530611,55.8658163265305,61.7654220779219,68.3449675324675,0.006601369165789572,54.3587925170067,60.345479986669005,33.76238095238095,38.52521739130435,48.03045454545455,56.52454545454545,0.05358496173564142,34.7776121463078,49.574415505991595,1.0,6.123233995736766e-17
2016-04-01,54.6586734693876,43.33047619047619,703,6.932876190476191,429.0,329.0,317.0,721.0,591.0,1428.0,943.0,358.3333333333333,61.49254697386241,476.3333333333333,155.4292979674939,647.6666666666666,250.31955334707217,715.8333333333334,297.36059511880813,774.0416666666666,283.38366667158516,0.30395136778115495,-0.10251046025104604,-0.2873754152823921,55.4352040816325,53.4289285714285,57.3306818181817,61.1978571428571,0.030746025120479192,54.21525510204069,59.26966636576609,39.79217391304348,32.0452380952381,48.90636363636364,59.82636363636364,0.17859501583040172,35.19993098688751,48.180051210866424,0.8660254037844387,-0.4999999999999998
2016-05-01,54.5271428571427,47.735,612,7.6376,703.0,429.0,329.0,584.0,589.0,1153.0,934.0,487.0,193.62851029742353,473.3333333333333,149.83546531668668,657.0,250.102524432025,675.5555555555555,238.49755757097438,764.0416666666666,281.3897929558042,0.6386946386946386,1.2176656151419558,0.18950930626057527,54.6586734693876,53.7816326530611,55.7780612244897,65.6712406015037,-0.014007896698664535,54.62517006802707,58.72473439297696,43.33047619047619,33.76238095238095,45.0952380952381,65.19380952380952,0.08891955199946722,38.96167701863354,46.80539392370915,0.49999999999999994,-0.8660254037844387
2016-06-01,56.2285714285713,49.87727272727273,660,7.980363636363637,612.0,703.0,429.0,478.0,800.0,782.0,850.0,581.3333333333334,139.5504687678722,478.0,154.33988467016988,658.9166666666666,249.6216986246215,645.5,206.7684837743724,750.625,280.6092459507414,-0.12944523470839264,0.8601823708206686,0.039049235993208864,54.5271428571427,55.4352040816325,55.8658163265305,63.1047077922077,-0.0024063996415604194,54.8736734693876,57.79605958094688,47.735,39.79217391304348,38.52521739130435,62.62,0.10164955931160291,43.61921670117323,45.35049313005835,1.2246467991473532e-16,-1.0
2016-07-01,64.4183673469387,46.59857142857143,656,7.455771428571429,660.0,612.0,703.0,317.0,1131.0,608.0,755.0,658.3333333333334,45.522888016172054,508.3333333333333,171.2935102876579,647.25,245.66870707593708,638.7222222222222,204.01205430232193,742.7083333333334,280.3638132028158,0.07843137254901955,0.5384615384615385,-0.17500000000000004,56.2285714285713,54.6586734693876,53.4289285714285,64.4832298136645,0.031203332547355744,55.13812925170054,57.22304821731051,49.87727272727273,43.33047619047619,32.0452380952381,56.8295652173913,0.04487844825123566,46.98091630591631,44.28859919066441,-0.4999999999999997,-0.8660254037844388
2016-08-01,71.3269480519479,47.05217391304348,711,7.528347826086957,656.0,660.0,612.0,329.0,903.0,540.0,1147.0,642.6666666666666,26.633312473909932,564.8333333333334,150.16712911508924,607.6666666666666,193.3307732327856,641.3888888888889,203.90053483150828,738.5833333333334,280.90287918822065,-0.0060606060606061,-0.06685633001422475,-0.4199823165340407,64.4183673469387,54.5271428571427,53.7816326530611,63.3932142857142,0.1456518583042985,58.39136054421757,57.217643011750035,46.59857142857143,47.735,33.76238095238095,47.53380952380952,-0.06573537644347816,48.07028138528139,43.436016374929416,-0.8660254037844385,-0.5000000000000004
2016-09-01,76.3738636363635,47.37681818181818,875,7.580290909090909,711.0,656.0,660.0,429.0,900.0,602.0,1063.0,675.6666666666666,30.66485501894562,628.5,104.0937077829449,591.6666666666666,173.60578820122493,650.8888888888889,202.87982211699168,720.4166666666666,267.10068394206525,0.08384146341463405,0.16176470588235303,-0.21262458471760792,71.3269480519479,56.2285714285713,55.4352040816325,61.7654220779219,0.1072455107066217,63.99129560915262,57.87878749226951,47.05217391304348,49.87727272727273,39.79217391304348,48.03045454545455,0.009734257308023908,47.84267268962922,43.39588007403225,-1.0,-1.8369701987210297e-16
2016-10-01,96.2397959183672,51.41380952380952,857,8.226209523809523,875.0,711.0,656.0,703.0,721.0,591.0,1428.0,747.3333333333334,113.93126582871368,702.8333333333334,91.63714676193105,589.5833333333334,169.6748003646586,666.0555555555555,209.1184500320113,712.5833333333334,259.2584603737408,0.23066104078762306,0.3257575757575757,-0.02777777777777779,76.3738636363635,64.4183673469387,54.6586734693876,57.3306818181817,0.07075748678802163,70.70639301175002,59.096157622139636,47.37681818181818,46.59857142857143,43.33047619047619,48.90636363636364,0.00689966566421929,47.009187841144374,43.34141037706255,-0.8660254037844386,0.5000000000000001
2016-11-01,111.428084415584,46.94227272727273,1204,7.510763636363637,857.0,875.0,711.0,612.0,584.0,589.0,1153.0,814.3333333333334,89.94072121866202,728.5,111.17688608699643,600.9166666666666,183.2496847737967,680.8333333333334,212.86760591282737,688.7916666666666,212.7862734962149,-0.020571428571428574,0.30640243902439024,0.18862690707350893,96.2397959183672,71.3269480519479,54.5271428571427,55.7780612244897,0.260114276483258,81.31353586889286,62.3385837971551,51.41380952380952,47.05217391304348,47.735,45.0952380952381,0.08521026731889347,48.61426720622373,43.55036420101638,-0.5000000000000004,0.8660254037844384
2016-12-01,93.1344642857141,55.02272727272727,961,8.803636363636365,1204.0,857.0,875.0,660.0,478.0,800.0,782.0,978.6666666666666,195.35181937553904,827.1666666666666,207.80704190827478,652.5833333333334,252.40208122370848,715.0,244.29634848346157,690.9166666666666,217.81881514663567,0.40490081680280054,0.6933895921237694,1.0616438356164384,111.428084415584,76.3738636363635,56.2285714285713,55.8658163265305,0.15781713118032648,94.68058132343822,66.97608572974629,46.94227272727273,47.37681818181818,49.87727272727273,38.52521739130435,-0.08697151286690863,48.577633477633476,43.70428375368593,-2.4492935982947064e-16,1.0
2017-01-01,91.4244897959182,55.71090909090909,800,8.913745454545454,961.0,1204.0,857.0,656.0,317.0,1131.0,608.0,1007.3333333333334,178.07957023008913,877.3333333333334,195.33833895748006,692.8333333333334,260.4149951461487,723.9444444444445,250.46109765372438,698.375,224.0486772614578,-0.2018272425249169,0.09828571428571431,1.010460251046025,93.1344642857141,96.2397959183672,64.4183673469387,53.4289285714285,-0.16417423153073074,100.2674482065551,70.08180639301159,55.02272727272727,51.41380952380952,46.59857142857143,32.0452380952381,0.1721359890774936,51.126269841269846,45.07907624380451,0.49999999999999994,0.8660254037844387
2017-02-01,85.9692857142856,56.096,859,8.97536,800.0,961.0,1204.0,711.0,329.0,903.0,540.0,988.3333333333334,203.3822345568394,901.3333333333334,169.89486945363396,733.0833333333334,232.91998561087175,705.5555555555555,230.1440015249332,706.375,224.10921493189764,-0.16753381893860564,-0.06651108518086346,1.5236593059936907,91.4244897959182,111.428084415584,71.3269480519479,53.7816326530611,-0.018360276219017146,98.66234616573877,73.24810316171907,55.71090909090909,46.94227272727273,47.05217391304348,33.76238095238095,0.012507228418008998,52.55863636363637,47.05121549344375,0.8660254037844386,0.5000000000000001
2017-03-01,86.3338509316768,52.65521739130435,1297,8.424834782608695,859.0,800.0,961.0,875.0,429.0,900.0,602.0,873.3333333333334,81.4514170124322,926.0,145.7641931339813,777.25,196.77681173441826,703.1111111111111,228.14852976512228,719.6666666666666,223.2708759734937,0.07374999999999998,-0.2865448504983389,1.6109422492401215,85.9692857142856,93.1344642857141,76.3738636363635,55.4352040816325,-0.059668958435644015,90.17607993197264,75.93040758348776,56.096,55.02272727272727,47.37681818181818,39.79217391304348,0.00691230703958734,55.60987878787879,48.912350414078674,1.0,6.123233995736766e-17
2017-04-01,90.1107142857141,53.978,1109,8.63648,1297.0,859.0,800.0,857.0,703.0,721.0,591.0,985.3333333333334,271.51856903963903,996.3333333333334,205.71598544271453,849.5833333333334,215.7458346098813,725.1666666666666,264.5820788915761,748.625,250.7284712679197,0.5098952270081489,0.34963579604578565,2.023310023310023,86.3338509316768,91.4244897959182,96.2397959183672,54.6586734693876,0.004240644950835204,87.9092088139602,78.50529482099147,52.65521739130435,55.71090909090909,51.41380952380952,43.33047619047619,-0.061337396760832275,54.820708827404474,49.98427070393375,0.8660254037844387,-0.4999999999999998
2017-05-01,80.1183673469386,51.37434782608696,878,8.219895652173914,1109.0,1297.0,859.0,1204.0,612.0,584.0,589.0,1088.3333333333333,219.73013751721297,1038.3333333333333,197.1250026421485,883.4166666666666,222.4007269172753,746.7222222222222,279.601566425713,770.2083333333334,258.73723100888503,-0.14494988434849654,0.38625,0.5775248933143671,90.1107142857141,85.9692857142856,111.428084415584,54.5271428571427,0.043747189697656896,87.47128364389216,81.45963155568533,53.978,56.096,46.94227272727273,47.735,0.025121586696062126,54.24307246376811,50.87156435472739,0.49999999999999994,-0.8660254037844387
2017-06-01,85.6733766233764,47.65272727272727,901,7.624436363636363,878.0,1109.0,1297.0,961.0,660.0,478.0,800.0,1094.6666666666667,209.86741846540477,984.0,186.99732618409413,905.5833333333334,205.5035758739221,763.0555555555555,278.1200486083455,782.25,256.6537593216068,-0.2082957619477006,0.022118742724097862,0.434640522875817,80.1183673469386,86.3338509316768,93.1344642857141,56.2285714285713,-0.110889665207766,85.52097752144316,83.59223359650167,51.37434782608696,52.65521739130435,55.02272727272727,49.87727272727273,-0.048235432470877804,52.66918840579711,51.17484334023465,1.2246467991473532e-16,-1.0
2017-07-01,90.7739795918366,49.25333333333333,946,7.880533333333333,901.0,878.0,1109.0,800.0,656.0,317.0,1131.0,962.6666666666666,127.24909953839817,974.0,190.05262429127495,925.6666666666666,190.5538975691315,786.5555555555555,270.38039047896115,786.4583333333334,257.78301950463646,0.026195899772209597,-0.305319969159599,0.3651515151515152,85.6733766233764,90.1107142857141,91.4244897959182,64.4183673469387,0.06933502841343242,85.30081941867637,86.04596736273542,47.65272727272727,53.978,55.71090909090909,46.59857142857143,-0.07244122233839667,51.00169169960475,50.989464552355855,-0.4999999999999997,-0.8660254037844388
2017-08-01,102.772402597402,51.92782608695652,1184,8.308452173913043,946.0,901.0,878.0,859.0,711.0,329.0,903.0,908.3333333333334,34.588051886932064,998.3333333333334,171.78785366453337,949.8333333333334,170.58819810682255,821.5,245.6389627074662,778.75,249.67078323264062,0.049944506104328434,-0.14697926059513078,0.4420731707317074,90.7739795918366,80.1183673469386,85.9692857142856,71.3269480519479,0.05953544927828247,85.52190785405053,88.24226838314358,49.25333333333333,51.37434782608696,56.096,47.05217391304348,0.03358897070980715,49.426802810715856,51.21069471108601,-0.8660254037844385,-0.5000000000000004
2017-09-01,104.775,55.55761904761905,1356,8.889219047619049,1184.0,946.0,901.0,1297.0,875.0,429.0,900.0,1010.3333333333334,152.07344716725942,1052.5,170.29944215997998,989.25,164.93862494879494,869.0,226.74058771566908,790.4583333333334,262.0335158062749,0.2515856236786469,0.34851936218678814,0.6652601969057665,102.772402597402,85.6733766233764,86.3338509316768,76.3738636363635,0.13217910087798357,93.07325293753833,90.86272292859809,51.92782608695652,47.65272727272727,52.65521739130435,47.37681818181818,0.05430074621595549,49.61129556433904,51.61699905891211,-1.0,-1.8369701987210297e-16
2017-10-01,103.249675324675,57.53636363636364,1522,9.205818181818183,1356.0,1184.0,946.0,1109.0,857.0,703.0,721.0,1162.0,205.88346218188607,1062.3333333333333,188.02198453017937,1029.3333333333333,191.03180760059513,920.5,226.19883236813104,809.4583333333334,285.778110818846,0.14527027027027017,0.5049944506104329,0.5497142857142858,104.775,90.7739795918366,90.1107142857141,96.2397959183672,0.01948575057102553,99.44046072974619,93.22948429223447,55.55761904761905,49.25333333333333,53.978,51.41380952380952,0.06990073019009513,52.246259489302965,52.298732464395506,-0.8660254037844386,0.5000000000000001
2017-11-01,102.487012987013,62.83636363636364,1578,10.053818181818183,1522.0,1356.0,1184.0,878.0,1204.0,612.0,584.0,1354.0,169.00887550658507,1131.1666666666667,267.37570320929854,1084.75,229.14748129058182,966.0,259.75689992534075,842.8333333333334,319.75176059843255,0.1224188790560472,0.6088794926004228,0.7759626604434073,103.249675324675,102.772402597402,80.1183673469386,111.428084415584,-0.014558097593175945,103.59902597402566,93.81364090942678,57.53636363636364,51.92782608695652,51.37434782608696,46.94227272727273,0.035616079714441806,55.007269590313065,52.80894530710835,-0.5000000000000004,0.8660254037844384
2017-12-01,105.968796992481,64.06428571428572,1366,10.250285714285715,1578.0,1522.0,1356.0,901.0,961.0,660.0,478.0,1485.3333333333333,115.45273203061888,1247.8333333333333,286.82706752792126,1115.9166666666667,268.8380581598352,1019.6666666666666,281.2198219103591,884.25,347.9039410152079,0.036793692509855536,0.3327702702702702,0.3106312292358804,102.487012987013,104.775,85.6733766233764,93.1344642857141,-0.007386583398579782,103.503896103896,93.06855162371254,62.83636363636364,55.55761904761905,47.65272727272727,55.02272727272727,0.09211565808184563,58.643448773448775,54.133452882865924,-2.4492935982947064e-16,1.0
2018-01-01,111.93262987013,68.88913043478261,1152,11.022260869565219,1366.0,1578.0,1522.0,946.0,800.0,656.0,317.0,1488.6666666666667,109.86051762727995,1325.3333333333333,231.9402221837915,1149.6666666666667,273.01126627879484,1058.888888888889,277.3120749770996,921.25,350.0336940303347,-0.13434727503168564,0.007374631268436627,0.42143600416233085,105.968796992481,103.249675324675,90.7739795918366,91.4244897959182,0.033972928900847243,103.90182843472299,94.13807934927644,64.06428571428572,57.53636363636364,49.25333333333333,55.71090909090909,0.019541583994708844,61.47900432900433,54.88691608632913,0.49999999999999994,0.8660254037844387
2018-02-01,111.477321428571,65.6965,1192,10.51144,1152.0,1366.0,1578.0,1184.0,859.0,711.0,329.0,1365.3333333333333,213.00078247117705,1359.6666666666667,172.08098868459152,1179.0,249.96363371862262,1086.4444444444443,258.9590524574747,956.0416666666666,328.1780374664986,-0.15666178623718885,-0.24310118265440206,0.43999999999999995,111.93262987013,102.487012987013,102.772402597402,85.9692857142856,0.056279141095394,106.79614661654132,95.84709102212743,68.88913043478261,62.83636363636364,51.92782608695652,56.096,0.07531254999103187,65.26325992847732,55.985101198318596,0.8660254037844386,0.5000000000000001
2018-03-01,105.72806122449,66.89181818181818,1055,10.70269090909091,1192.0,1152.0,1366.0,1356.0,1297.0,875.0,429.0,1236.6666666666667,113.77756076368244,1361.0,170.47111192222525,1206.75,228.79690279213207,1113.1666666666667,242.21362714857827,992.0,302.78288964350315,0.03472222222222232,-0.2446134347275032,0.3876600698486612,111.477321428571,105.968796992481,104.775,86.3338509316768,-0.0040677007418414846,109.79291609706065,97.97276066498455,65.6965,64.06428571428572,55.55761904761905,52.65521739130435,-0.046344472845466944,66.21663871635612,56.78514286498526,1.0,6.123233995736766e-17
2018-04-01,99.2233928571427,71.93285714285715,1341,11.509257142857143,1055.0,1192.0,1152.0,1522.0,1109.0,857.0,703.0,1133.0,70.44856279584366,1310.8333333333333,211.57165846744823,1186.5833333333333,230.77555342931282,1123.1666666666667,235.42283611558537,1018.0833333333334,278.1346118677804,-0.11493288590604023,-0.2276720351390923,-0.18658442559753274,105.72806122449,111.93262987013,103.249675324675,90.1107142857141,-0.05157336156273573,109.71267084106366,99.58894485605231,66.89181818181818,68.88913043478261,57.53636363636364,53.978,0.01819454890014205,67.15914953886693,57.97152626419474,0.8660254037844387,-0.4999999999999998
2018-05-01,109.375,76.93434782608696,1090,12.309495652173915,1341.0,1055.0,1192.0,1578.0,878.0,1204.0,612.0,1196.0,143.04195188824866,1280.6666666666667,186.9071070523178,1205.9166666666667,233.38826734292564,1150.0555555555557,230.82957100352863,1044.6666666666667,277.19804043894084,0.27109004739336484,0.1640625,0.20919747520288556,99.2233928571427,111.477321428571,102.487012987013,80.1183673469386,-0.061522629773150705,105.47625850340124,100.34833473700469,71.93285714285715,65.6965,62.83636363636364,51.37434782608696,0.07536106953076005,68.17372510822511,59.46776435943284,0.49999999999999994,-0.8660254037844387
2018-06-01,121.524489795918,75.80285714285714,1385,12.128457142857142,1090.0,1341.0,1055.0,1366.0,901.0,961.0,660.0,1162.0,156.00320509527995,1199.3333333333333,128.78457464567188,1223.5833333333333,213.4847060024894,1143.7222222222222,230.8263430668056,1064.5833333333333,261.4862065805467,-0.18717375093214017,-0.08557046979865768,0.24145785876993164,109.375,105.72806122449,105.968796992481,85.6733766233764,0.10231062303496441,104.77548469387756,102.78638745809315,76.93434782608696,66.89181818181818,64.06428571428572,47.65272727272727,0.0695299878509894,71.91967438358743,61.59776435943284,1.2246467991473532e-16,-1.0
2018-07-01,125.085876623376,75.22909090909091,1747,12.036654545454546,1385.0,1090.0,1341.0,1152.0,946.0,800.0,656.0,1272.0,159.14458834657304,1202.5,133.83684096690254,1263.9166666666667,191.5978071298557,1167.2777777777778,232.70956540302595,1094.7916666666667,254.4989927658671,0.27064220183486243,0.3127962085308056,0.537180910099889,121.524489795918,99.2233928571427,111.93262987013,90.7739795918366,0.11108104956267884,110.04096088435357,105.77398022247161,75.80285714285714,71.93285714285715,68.88913043478261,49.25333333333333,-0.014707223953956294,74.89002070393376,63.94360851527699,-0.4999999999999997,-0.8660254037844388
2018-08-01,123.734902597402,73.85130434782609,1579,11.816208695652174,1747.0,1385.0,1090.0,1192.0,1184.0,859.0,711.0,1407.3333333333333,329.0688884311821,1301.6666666666667,254.7498119070288,1330.6666666666667,209.46656636380482,1219.888888888889,251.11232286132486,1140.25,269.6976165037919,0.2613718411552346,0.30275913497390006,0.8467230443974629,125.085876623376,109.375,111.477321428571,102.772402597402,0.02930591877767852,118.66178880643133,108.63330497509988,75.22909090909091,76.93434782608696,65.6965,51.92782608695652,-0.007569190072676424,75.98876529267834,66.10825497992346,-0.8660254037844385,-0.5000000000000004
2018-09-01,122.229107142857,79.163,1540,12.66608,1579.0,1747.0,1385.0,1055.0,1356.0,1297.0,875.0,1570.3333333333333,181.15555010358923,1366.1666666666667,269.9677141190526,1363.5833333333333,215.27887129080344,1259.888888888889,247.56410670390878,1176.4166666666667,267.8253676114945,-0.09616485403548936,0.44862385321100917,0.3336148648648649,123.734902597402,121.524489795918,105.72806122449,104.775,-0.010800372211817955,123.44842300556532,110.38017997509989,73.85130434782609,75.80285714285714,66.89181818181818,55.55761904761905,-0.01831454487373485,74.96108413325804,67.93521150166258,-1.0,-1.8369701987210297e-16
2018-10-01,114.762111801242,80.78347826086957,1490,12.925356521739133,1540.0,1579.0,1747.0,1341.0,1522.0,1109.0,857.0,1622.0,109.99545445153981,1447.0,227.42119514240486,1378.9166666666667,221.161996708021,1273.388888888889,256.1824117783555,1204.125,269.6789254392847,-0.024699176694110148,0.11191335740072206,0.13569321533923295,122.229107142857,125.085876623376,99.2233928571427,103.249675324675,-0.012169528750060277,123.68329545454499,111.8346889036713,79.163,75.22909090909091,71.93285714285715,57.53636363636364,0.07192419550448026,76.08113175230567,69.90232658102767,-0.8660254037844386,0.5000000000000001
2018-11-01,107.552922077922,66.22863636363635,1231,10.596581818181816,1490.0,1540.0,1579.0,1090.0,1578.0,878.0,1204.0,1536.3333333333333,44.61315202195363,1471.8333333333333,221.59189215011105,1376.25,219.46634656075898,1294.5555555555557,257.53725537967597,1230.5,265.1700028939604,-0.03246753246753242,-0.1471093302804808,-0.021024967148488782,114.762111801242,123.734902597402,109.375,102.487012987013,-0.06109015696963116,120.24204051383367,112.79405861005189,80.78347826086957,73.85130434782609,76.93434782608696,62.83636363636364,0.020470147175695397,77.93259420289854,71.83958613306983,-0.5000000000000004,0.8660254037844384
2018-12-01,106.143609022556,57.94809523809524,1271,9.271695238095239,1231.0,1490.0,1540.0,1385.0,1366.0,901.0,961.0,1420.3333333333333,165.8623927638021,1495.3333333333333,175.7300960753918,1347.3333333333333,213.2392311395104,1314.1666666666667,236.53509875106522,1231.625,265.1099546291663,-0.17382550335570468,-0.22039265357821403,-0.21989860583016474,107.552922077922,122.229107142857,121.524489795918,105.968796992481,-0.06281855230936917,114.84804700734033,113.21621770096097,66.22863636363635,79.163,75.80285714285714,64.06428571428572,-0.18017102272115693,75.3917048748353,72.12227552700922,-2.4492935982947064e-16,1.0
2019-01-01,105.401298701298,59.94478260869565,668,9.591165217391303,1271.0,1231.0,1490.0,1747.0,1152.0,946.0,800.0,1330.6666666666667,139.4285958235741,1476.3333333333333,195.13653339819902,1339.4166666666667,214.244320316499,1334.7222222222222,213.4701537357094,1244.5416666666667,258.82879672573745,0.03249390739236402,-0.17467532467532465,-0.0695461200585652,106.143609022556,114.762111801242,125.085876623376,111.93262987013,-0.01310343808553105,109.48621430057334,113.2307853701339,57.94809523809524,80.78347826086957,75.22909090909091,68.88913043478261,-0.12502961830703863,68.32006995420038,71.61259298732669,0.49999999999999994,0.8660254037844387
2019-02-01,101.357142857143,64.384,658,10.30144,668.0,1271.0,1231.0,1579.0,1192.0,1184.0,859.0,1056.6666666666667,337.18886893450843,1296.5,339.5566226713887,1299.0833333333333,286.2073178447375,1319.2777777777778,250.1530838496236,1239.0416666666667,269.85349957316544,-0.4744295830055075,-0.5516778523489934,-0.42013888888888884,105.401298701298,107.552922077922,123.734902597402,111.477321428571,-0.006993452814481382,106.36594326725867,112.68650777273122,59.94478260869565,66.22863636363635,73.85130434782609,65.6965,0.03445647975824717,61.37383807014242,70.8672306684861,0.8660254037844386,0.5000000000000001
2019-03-01,99.6698979591835,66.94190476190477,689,10.710704761904763,658.0,668.0,1271.0,1540.0,1055.0,1356.0,1297.0,865.6666666666666,351.0645714584893,1143.0,390.63947573178,1254.5833333333333,340.69700170341486,1290.0555555555557,293.80054703473274,1230.6666666666667,284.86269257870316,-0.014970059880239472,-0.4654752233956133,-0.44798657718120805,101.357142857143,106.143609022556,122.229107142857,105.72806122449,-0.03836912726868702,104.30068352699901,111.84315955844556,64.384,57.94809523809524,79.163,66.89181818181818,0.07405510868698006,60.758959282263625,70.7578556684861,1.0,6.123233995736766e-17
2019-04-01,88.7646428571427,71.47590909090908,1011,11.436145454545454,689.0,658.0,668.0,1490.0,1341.0,1522.0,1109.0,671.6666666666666,15.821925715044571,1001.1666666666666,371.69956506117506,1224.0833333333333,374.8583874025767,1253.0,325.3615183869453,1205.3333333333333,305.02853275898923,0.04711246200607899,-0.45790715971675844,-0.3469194312796209,99.6698979591835,105.401298701298,114.762111801242,99.2233928571427,-0.016646531762813943,102.14277983920817,111.33831261967002,66.94190476190477,59.94478260869565,80.78347826086957,71.93285714285715,0.03972888857332202,63.75689579020013,70.76202955016,0.8660254037844387,-0.4999999999999998
2019-05-01,89.5642857142855,70.38913043478261,1096,11.26226086956522,1011.0,689.0,658.0,1231.0,1090.0,1578.0,878.0,786.0,195.471225503907,921.3333333333334,287.6460788306817,1196.5833333333333,377.5960945323193,1224.611111111111,322.7928016707579,1201.25,307.0236147269462,0.46734397677793904,0.5134730538922156,-0.24608501118568238,88.7646428571427,101.357142857143,107.552922077922,109.375,-0.10941372796936832,96.59722789115641,110.46675011967001,71.47590909090908,64.384,66.22863636363635,76.93434782608696,0.06773043499629439,67.60060461760462,70.72395054583097,0.49999999999999994,-0.8660254037844387
2019-06-01,77.6298214285713,63.2085,1354,10.11336,1096.0,1011.0,689.0,1271.0,1385.0,1366.0,901.0,932.0,214.69280379183536,898.8333333333334,262.78463932784723,1197.0833333333333,377.446072808802,1197.8333333333333,311.5491180234285,1210.3333333333333,300.19322279907163,0.08407517309594459,0.6656534954407294,0.005504587155963359,89.5642857142855,99.6698979591835,106.143609022556,121.524489795918,0.009008574038085637,92.6662755102039,108.81585726252716,70.38913043478261,66.94190476190477,57.94809523809524,75.80285714285714,-0.01520482453387495,69.60231476253216,70.1785157632223,1.2246467991473532e-16,-1.0
2019-07-01,77.8458074534159,64.32217391304349,1868,10.291547826086958,1354.0,1096.0,1011.0,668.0,1747.0,1152.0,946.0,1153.6666666666667,178.62344004450605,912.6666666666666,287.332327917808,1194.5,376.14685236680384,1197.1666666666667,311.1807210873937,1229.2083333333333,294.0770350371348,0.23540145985401462,0.9651669085631349,-0.02238267148014439,77.6298214285713,88.7646428571427,105.401298701298,125.085876623376,-0.13325025919132238,85.31958333333317,105.15796823191492,63.2085,71.47590909090908,59.94478260869565,75.22909090909091,-0.10201334198091361,68.3578465085639,69.12898600131753,-0.4999999999999997,-0.8660254037844388
2019-08-01,69.7392857142855,59.61818181818182,2378,9.53890909090909,1868.0,1354.0,1096.0,658.0,1579.0,1192.0,1184.0,1439.3333333333333,393.0106020622519,1112.6666666666667,452.90160815199874,1204.5833333333333,393.52450734203006,1236.9444444444443,348.58241868226634,1267.625,314.95324877359786,0.3796159527326439,0.847675568743818,0.06926159129937037,77.8458074534159,89.5642857142855,101.357142857143,123.734902597402,0.00278225585052172,81.6799715320909,101.22129580108492,64.32217391304349,70.38913043478261,64.384,73.85130434782609,0.01761905302361999,65.97326811594203,68.2200762516469,-0.8660254037844385,-0.5000000000000004
2019-09-01,66.9586734693876,62.43095238095238,1823,9.98895238095238,2378.0,1868.0,1354.0,689.0,1540.0,1055.0,1356.0,1866.6666666666667,512.0013020816788,1399.3333333333333,620.7864904028328,1271.1666666666667,512.3027928043641,1302.8333333333333,439.75317274714024,1317.375,387.1880581723882,0.2730192719486082,1.1697080291970803,0.5060164661177962,69.7392857142855,77.6298214285713,99.6698979591835,122.229107142857,-0.1041356240537612,75.07163819875757,96.72166106082521,59.61818181818182,63.2085,66.94190476190477,79.163,-0.07313173371940052,62.38295191040843,67.03398270750988,-1.0,-1.8369701987210297e-16
2019-10-01,69.1942546583849,59.63130434782609,1731,9.541008695652174,1823.0,2378.0,1868.0,1011.0,1490.0,1341.0,1522.0,2023.0,308.26125283596934,1588.3333333333333,526.7776254423362,1294.75,531.9407220905179,1345.5,451.39603714802473,1336.8333333333333,400.7120473950547,-0.2333894028595458,0.346381093057607,0.1837662337662338,66.9586734693876,77.8458074534159,88.7646428571427,114.762111801242,-0.03987153318847814,71.51458887902966,92.11579158803607,62.43095238095238,64.32217391304349,71.47590909090908,80.78347826086957,0.047179744114785205,62.12376937072589,65.63964540592258,-0.8660254037844386,0.5000000000000001
2019-11-01,69.7290816326529,62.68666666666667,1528,10.029866666666667,1731.0,1823.0,2378.0,1096.0,1231.0,1090.0,1578.0,1977.3333333333333,350.02333255560933,1708.3333333333333,444.5477102254224,1314.8333333333333,544.3863656921569,1367.1666666666667,460.4366533679803,1345.5416666666667,407.13067864354554,-0.050466264399341765,-0.07334047109207709,0.1617449664429531,69.1942546583849,69.7392857142855,89.5642857142855,107.552922077922,0.033387477277598165,68.63073794735267,88.31847015946467,59.63130434782609,59.61818181818182,70.38913043478261,66.22863636363635,-0.04484391037386226,60.560146182320096,63.87696424650229,-0.5000000000000004,0.8660254037844384
2019-12-01,70.4646428571427,65.34818181818181,1090,10.45570909090909,1528.0,1731.0,1823.0,1354.0,1271.0,1385.0,1366.0,1694.0,150.94038558318593,1780.3333333333333,350.5930214175206,1339.5833333333333,546.973733511505,1391.5,456.48403747621666,1343.4583333333333,406.01584667796345,-0.11727325245522824,-0.35744322960470987,0.2412672623883021,69.7290816326529,66.9586734693876,77.6298214285713,106.143609022556,0.007729355231998136,68.62733658680847,85.16648345569224,62.68666666666667,62.43095238095238,63.2085,57.94809523809524,0.051237556385129945,61.582974465148375,63.58180010508815,-2.4492935982947064e-16,1.0
2020-01-01,72.10616883,63.89869565217391,487,10.223791304347825,1090.0,1528.0,1731.0,1868.0,668.0,1747.0,1152.0,1449.6666666666667,327.600875049707,1736.3333333333333,423.73608138399794,1324.5,551.5137021292974,1375.111111111111,461.9934923005997,1331.9583333333333,409.24548592944006,-0.28664921465968585,-0.4020844761382337,-0.1424075531077892,70.4646428571427,69.1942546583849,77.8458074534159,105.401298701298,0.010548844288024384,69.7959930493935,82.19323627524112,65.34818181818181,59.63130434782609,64.32217391304349,59.94478260869565,0.042457436214747624,62.5553842775582,64.19847398676202,0.49999999999999994,0.8660254037844387
2020-02-01,71.05017857,55.691,535,8.91056,487.0,1090.0,1528.0,2378.0,658.0,1579.0,1192.0,1035.0,522.6748511263954,1506.1666666666667,651.6745864821386,1309.4166666666667,573.1511712903628,1305.111111111111,496.4986687842928,1304.25,443.07357814721274,-0.5532110091743119,-0.7186597342576546,-0.27095808383233533,72.10616883,69.7290816326529,69.7392857142855,101.357142857143,0.023295739626258527,70.76663110659854,79.41864211929963,63.89869565217391,62.68666666666667,59.61818181818182,64.384,-0.02218097161510635,63.977848045674136,64.52796674038522,0.8660254037844386,0.5000000000000001
2020-03-01,70.20487013,33.94727272727273,626,5.431563636363637,535.0,487.0,1090.0,1823.0,689.0,1540.0,1055.0,704.0,335.1462367385302,1199.0,589.9766097058424,1299.1666666666667,586.7972908987057,1247.111111111111,522.8985830011159,1276.875,469.8004490808007,0.09856262833675555,-0.6498691099476439,-0.18693009118541037,71.05017857,70.4646428571427,66.9586734693876,99.6698979591835,-0.014644936447665624,71.2069967523809,76.89306176203772,55.691,65.34818181818181,62.43095238095238,66.94190476190477,-0.12844856328291376,61.64595915678524,63.803550073718554,1.0,6.123233995736766e-17
2020-04-01,64.62,26.84863636363636,635,4.295781818181817,626.0,535.0,487.0,1731.0,1011.0,1490.0,1341.0,549.3333333333334,70.59981114232488,999.5,536.7519911467493,1293.9166666666667,593.0016799506069,1196.3333333333333,536.9726688192084,1259.0,486.474808320467,0.17009345794392527,-0.42568807339449544,-0.09143686502177073,70.20487013,72.10616883,69.1942546583849,88.7646428571427,-0.011897344341889049,71.12040584333333,74.43764277627243,33.94727272727273,63.89869565217391,59.63130434782609,71.47590909090908,-0.3904352098674341,51.17898945981555,61.05399740416588,0.8660254037844387,-0.4999999999999998
2020-05-01,54.14830827,32.42238095238095,504,5.1875809523809515,635.0,626.0,535.0,1528.0,1096.0,1231.0,1090.0,598.6666666666666,55.320279584724,816.8333333333334,409.40904565808876,1262.5833333333333,618.686946588327,1148.8333333333333,547.1861980113508,1229.5833333333333,502.38612524688614,0.01437699680511173,0.3039014373716633,-0.3719090009891197,64.62,71.05017857,69.7290816326529,89.5642857142855,-0.07955103569963684,68.62501623333333,72.42558920484386,26.84863636363636,55.691,62.68666666666667,70.38913043478261,-0.2091077071394143,38.8289696969697,57.3350580102265,0.49999999999999994,-0.8660254037844387
2020-06-01,55.00275974,40.86045454545455,1799,6.537672727272728,504.0,635.0,626.0,1090.0,1354.0,1271.0,1385.0,588.3333333333334,73.17331025265982,646.1666666666666,226.01895200771804,1213.25,655.6746872150434,1108.4444444444443,567.2281647182841,1205.1666666666667,523.2711215676505,-0.2062992125984252,-0.05794392523364489,-0.5401459854014599,54.14830827,70.20487013,70.4646428571427,77.6298214285713,-0.16205032079851445,62.99105946666666,69.4742577511534,32.42238095238095,33.94727272727273,65.34818181818181,63.2085,0.2075987962015693,31.072763347763345,54.17116222002635,1.2246467991473532e-16,-1.0
2020-07-01,51.67220497,43.29565217391304,1350,6.9273043478260865,1799.0,504.0,635.0,487.0,1868.0,668.0,1747.0,979.3333333333334,712.8676829070965,764.3333333333334,510.6230181520091,1250.3333333333333,676.6087003086296,1137.7777777777778,589.3499465318748,1222.4166666666667,536.1232756248015,2.5694444444444446,1.8738019169329072,0.32865583456425407,55.00275974,64.62,72.10616883,77.8458074534159,0.01577983684623052,57.92368933666666,67.5886692771058,40.86045454545455,26.84863636363636,63.89869565217391,64.32217391304349,0.2602545940554668,33.37715728715728,52.30882509881423,-0.4999999999999997,-0.8660254037844388
2020-08-01,51.3825,45.08142857142857,1488,7.213028571428571,1350.0,1799.0,504.0,535.0,2378.0,658.0,1579.0,1217.6666666666667,657.563938589498,908.1666666666666,537.7067664319158,1207.1666666666667,649.6050315150711,1175.6666666666667,579.2070644678045,1205.875,525.2482073723111,-0.24958310172317955,1.1259842519685042,-0.2773019271948608,51.67220497,54.14830827,71.05017857,69.7392857142855,-0.06055250292428327,53.60775766,65.40753573682113,43.29565217391304,32.42238095238095,55.691,59.61818181818182,0.05959790843123125,38.85949589058285,50.5566149538867,-0.8660254037844385,-0.5000000000000004
2020-09-01,52.00568182,41.92681818181818,1725,6.708290909090908,1488.0,1350.0,1799.0,626.0,1823.0,689.0,1540.0,1545.6666666666667,229.98768082950374,1067.0,546.1186684228986,1133.0,546.381651495462,1221.7777777777778,568.5107020106598,1202.0833333333333,522.7601425765615,0.10222222222222221,1.9523809523809526,-0.37426408746846085,51.3825,55.00275974,70.20487013,66.9586734693876,-0.005606591980508724,52.685821569999995,63.87780359396402,45.08142857142857,40.86045454545455,33.94727272727273,62.43095238095238,0.0412460907238974,43.07917843026539,49.345218849990594,-1.0,-1.8369701987210297e-16
2020-10-01,58.06948052,41.60681818181818,1283,6.6570909090909085,1725.0,1488.0,1350.0,635.0,1731.0,1011.0,1490.0,1521.0,189.66549501688576,1250.1666666666667,552.8853105904211,1124.8333333333333,535.7599247514659,1279.3333333333333,563.8224584972489,1209.7916666666667,529.282777972202,0.159274193548387,-0.041133963312951605,-0.05375754251234233,52.00568182,51.67220497,64.62,69.1942546583849,0.012128289203522602,51.68679559666666,62.631720956515046,41.92681818181818,43.29565217391304,26.84863636363636,59.63130434782609,-0.06997583017166631,43.43463297571992,47.63654100006274,-0.8660254037844386,0.5000000000000001
2020-11-01,62.94642857,44.05,1227,7.048,1283.0,1725.0,1488.0,504.0,1528.0,1096.0,1231.0,1498.6666666666667,221.1929775859388,1358.1666666666667,464.98921134437774,1087.5,504.3699039395584,1294.4444444444443,559.8386555619732,1201.1666666666667,526.1956708848633,-0.25623188405797104,-0.04962962962962958,-0.2588099364529174,58.06948052,51.3825,54.14830827,69.7290816326529,0.11659877320689271,53.819220779999995,61.704656444982966,41.60681818181818,45.08142857142857,32.42238095238095,62.68666666666667,-0.0076323464044493194,42.87168831168831,46.134500486228745,-0.5000000000000004,0.8660254037844384
2020-12-01,80.58979592,50.37695652173913,1366,8.060313043478262,1227.0,1283.0,1725.0,1799.0,1090.0,1354.0,1271.0,1411.6666666666667,272.7954056309114,1478.6666666666667,237.3003722429998,1062.4166666666667,487.6799357129315,1301.7222222222222,557.9554911149805,1201.0,526.1864440605095,-0.04364770070148094,-0.17540322580645162,-0.19698952879581155,62.94642857,52.00568182,55.00275974,70.4646428571427,0.08398470257229707,57.67386363666666,61.13943535642856,44.05,41.92681818181818,40.86045454545455,65.34818181818181,0.05872070792592998,42.527878787878784,44.58144493067319,-2.4492935982947064e-16,1.0
2021-01-01,90.99535714,55.2247619047619,1452,8.835961904761904,1366.0,1227.0,1283.0,1350.0,487.0,1868.0,668.0,1292.0,69.93568473962281,1406.5,179.10304296689003,1085.4166666666667,495.5440459890027,1302.388888888889,558.0287931522241,1204.9583333333333,527.0924742863207,0.11328443357783202,-0.20811594202898553,0.25321100917431183,80.58979592,58.06948052,51.67220497,72.10616883,0.2802917933680633,67.20190167,61.983198111666674,50.37695652173913,41.60681818181818,43.29565217391304,63.89869565217391,0.1436312490746683,45.34459156785243,43.33384282263629,0.49999999999999994,0.8660254037844387
2021-02-01,92.48571429,62.3625,1675,9.978,1452.0,1366.0,1227.0,1488.0,535.0,2378.0,658.0,1348.3333333333333,113.5356038136643,1423.5,177.50126760110658,1165.8333333333333,467.0878510580853,1279.2777777777778,541.5982671746057,1237.625,516.5564755099916,0.06295754026354317,0.13172252533125484,1.9815195071868583,90.99535714,62.94642857,51.3825,71.05017857,0.12911760231195268,78.17719387666666,63.5572971375,55.2247619047619,44.05,45.08142857142857,55.691,0.09623061252084164,49.88390614216701,42.61101501035196,0.8660254037844386,0.5000000000000001
2021-03-01,95.23090062,65.79608695652173,2046,10.527373913043478,1675.0,1452.0,1366.0,1725.0,626.0,1823.0,689.0,1497.6666666666667,159.48145137706018,1454.6666666666667,205.32770555058147,1260.8333333333333,442.39859307135544,1240.2222222222222,479.49342822651687,1280.0,508.5931148980876,0.15358126721763088,0.36511817440912786,2.130841121495327,92.48571429,80.58979592,52.00568182,70.20487013,0.01637838673139158,88.02362244999999,65.34359178083334,62.3625,50.37695652173913,41.92681818181818,33.94727272727273,0.1292488704169974,55.98807280883367,43.1669733436853,1.0,6.123233995736766e-17
2021-04-01,97.84767857,65.53181818181818,3053,10.485090909090909,2046.0,1675.0,1452.0,1283.0,635.0,1731.0,1011.0,1724.3333333333333,300.0572167659595,1508.1666666666667,306.66556159221113,1379.1666666666667,447.04297807081593,1252.611111111111,497.9618623347263,1336.5416666666667,515.4182749848961,0.22149253731343288,0.4978038067349926,2.268370607028754,95.23090062,90.99535714,58.06948052,64.62,0.02968227418768854,92.90399068333333,67.42909432166667,65.79608695652173,55.2247619047619,41.60681818181818,26.84863636363636,0.05505852004845435,61.12778295376122,45.821041196122714,0.8660254037844387,-0.4999999999999998
2021-05-01,104.2071429,68.3752380952381,2596,10.940038095238096,3053.0,2046.0,1675.0,1227.0,504.0,1528.0,1096.0,2258.0,713.0420744949078,1803.1666666666667,675.851882195105,1580.6666666666667,599.9264096284619,1326.0555555555557,647.659721133779,1421.625,617.730756918804,0.4921798631476051,1.1026170798898072,3.8078740157480313,97.84767857,92.48571429,62.94642857,54.14830827,0.027478244277471697,95.18809782666666,70.19806753583333,65.53181818181818,62.3625,44.05,32.42238095238095,-0.004016481631775148,64.56346837944663,49.044639680971194,0.49999999999999994,-0.8660254037844387
2021-06-01,132.1529221,73.51272727272728,3383,11.762036363636364,2596.0,3053.0,2046.0,1366.0,1799.0,1090.0,1354.0,2565.0,504.2152318206998,2031.3333333333333,673.5184234055263,1755.0,561.3307240996007,1385.388888888889,712.8848713987979,1484.125,657.9273986972437,-0.1496888306583688,0.5498507462686568,4.150793650793651,104.2071429,95.23090062,80.58979592,55.00275974,0.06499351259979513,99.09524069666666,74.36963708833333,68.3752380952381,65.79608695652173,50.37695652173913,40.86045454545455,0.04338991336286213,66.56771441119268,52.04071110954263,1.2246467991473532e-16,-1.0
2021-07-01,153.1982143,74.40318181818182,3292,11.904509090909091,3383.0,2596.0,3053.0,1452.0,1350.0,487.0,1868.0,3010.6666666666665,395.2041666447054,2367.5,771.2874302100347,1887.0,732.7019733958565,1512.7777777777778,848.8946138122662,1568.6666666666667,762.5253618970532,0.3031587057010785,0.6534701857282503,0.8804891606448026,132.1529221,97.84767857,90.99535714,51.67220497,0.2681752749599664,111.40258118999999,80.798817285,73.51272727272728,65.53181818181818,55.2247619047619,43.29565217391304,0.07513669159489145,69.13992784992786,54.76173383681536,-0.4999999999999997,-0.8660254037844388
2021-08-01,173.5683673,70.58818181818182,4132,11.294109090909092,3292.0,3383.0,2596.0,1675.0,1488.0,535.0,2378.0,3090.3333333333335,430.5163566385559,2674.1666666666665,696.665606059798,2048.8333333333335,813.3404557561967,1668.611111111111,905.1120917835591,1628.0,838.4514712046354,-0.026899201891812052,0.07828365542089744,1.4385185185185185,153.1982143,104.2071429,92.48571429,51.3825,0.15924954110416878,129.85275976666665,89.25931806249999,74.40318181818182,68.3752380952381,62.3625,45.08142857142857,0.012112930352196294,72.09704906204907,57.35402797383776,-0.8660254037844385,-0.5000000000000004
2021-09-01,188.1228896,74.74954545454545,5167,11.959927272727272,4132.0,3292.0,3383.0,2046.0,1725.0,626.0,1823.0,3602.3333333333335,460.9558908760548,3083.6666666666665,713.7951153283874,2269.1666666666665,987.1555862756147,1868.4444444444443,1028.7423631178033,1701.0833333333333,972.4095539327604,0.25516403402187127,0.5916795069337442,1.7768817204301075,173.5683673,132.1529221,95.23090062,52.00568182,0.1329659950220452,152.9731679,99.44147367083333,70.58818181818182,73.51272727272728,65.79608695652173,41.92681818181818,-0.05127468888793851,72.83469696969698,59.479590744400525,-1.0,-1.8369701987210297e-16
2021-10-01,240.7321429,83.8652380952381,3519,13.418438095238097,5167.0,4132.0,3292.0,3053.0,1283.0,635.0,1731.0,4197.0,939.1884794864155,3603.8333333333335,915.1614975875384,2556.0,1273.2663079297638,2120.722222222222,1241.0264160603015,1840.4166666666667,1202.8974410244575,0.250484027105518,0.5273425953295892,1.9953623188405798,188.1228896,153.1982143,97.84767857,58.06948052,0.0838546938385587,171.62982373333332,110.78457431916667,74.74954545454545,74.40318181818182,65.53181818181818,41.60681818181818,0.05895269617628496,73.2469696969697,62.21481801712779,-0.8660254037844386,0.5000000000000001
2021-11-01,177.8016234,80.89045454545455,3018,12.942472727272728,3519.0,5167.0,4132.0,2596.0,1227.0,504.0,1528.0,4272.666666666667,832.9563814110187,3681.5,878.0876379952057,2742.3333333333335,1233.0109734329465,2280.9444444444443,1223.9814719965532,1914.9166666666667,1250.262508667564,-0.3189471646990517,0.06895504252733908,1.7427903351519873,240.7321429,173.5683673,104.2071429,62.94642857,0.2796536530555185,200.8077999333333,126.00646285083333,83.8652380952381,70.58818181818182,68.3752380952381,44.05,0.12194980698893776,76.40098845598845,65.73635300991279,-0.5000000000000004,0.8660254037844384
2021-12-01,181.4739796,74.67826086956522,2217,11.948521739130436,3018.0,3519.0,5167.0,3383.0,1366.0,1799.0,1090.0,3901.3333333333335,1124.3595213868814,3751.8333333333335,785.802880286568,2891.5833333333335,1137.6182023167642,2420.6111111111113,1150.5195316944673,1977.0,1267.094931414924,-0.14236999147485085,-0.26960309777347535,1.4596577017114916,177.8016234,188.1228896,132.1529221,80.58979592,-0.2614130325178109,202.2188853,135.57772908666666,80.89045454545455,74.74954545454545,73.51272727272728,50.37695652173913,-0.03547099629533468,79.83507936507937,68.80639088870068,-2.4492935982947064e-16,1.0
2022-01-01,231.7601786,85.62238095238095,1418,13.699580952380952,2217.0,3018.0,3519.0,3292.0,1452.0,1350.0,487.0,2918.0,656.7351064165828,3557.5,1008.0191962457855,2962.5,1057.5802140220433,2443.8333333333335,1141.4172949348847,2023.9583333333333,1253.6050442161031,-0.2654075546719682,-0.5709309076833753,0.6229868228404098,181.4739796,240.7321429,153.1982143,90.99535714,0.020654233239132402,200.00258196666667,143.98474439333333,74.67826086956522,83.8652380952381,74.40318181818182,55.2247619047619,-0.07679761117423967,79.81131783675262,70.83149958435284,0.49999999999999994,0.8660254037844387
2022-02-01,272.4867857,94.267,2040,15.08272,1418.0,2217.0,3018.0,4132.0,1675.0,1488.0,535.0,2217.6666666666665,800.0002083333048,3245.1666666666665,1341.8025811074688,2959.6666666666665,1062.0310159255616,2447.6111111111113,1137.690495433047,2062.75,1217.8726730763306,-0.3603969327920613,-0.5970446149474282,-0.023415977961432466,231.7601786,177.8016234,173.5683673,92.48571429,0.2770986733791778,197.01192720000003,155.71514618166665,85.62238095238095,80.89045454545455,70.58818181818182,62.3625,0.14655028056867825,80.3970321224669,73.36463450498776,0.8660254037844386,0.5000000000000001
2022-03-01,353.440528,112.44,2358,17.9904,2040.0,1418.0,2217.0,5167.0,2046.0,1725.0,626.0,1891.6666666666667,419.64548530078355,2896.5,1337.0649572851719,2990.0833333333335,1026.5265756940064,2478.277777777778,1117.5640424104956,2125.4583333333335,1173.735025988355,0.4386459802538787,-0.3240556660039762,0.21791044776119395,272.4867857,181.4739796,188.1228896,95.23090062,0.1757273719153063,228.57364796666664,170.71523546583333,94.267,74.67826086956522,74.74954545454545,65.79608695652173,0.10096214274194004,84.85588060731538,76.0233428383211,1.0,6.123233995736766e-17
2022-04-01,334.7182331,106.1557142857143,2404,16.98491428571429,2358.0,2040.0,1418.0,3519.0,3053.0,1283.0,635.0,1938.6666666666667,478.1227178594741,2428.3333333333335,742.7577442656958,3016.0833333333335,1004.1481653017098,2513.4444444444443,1102.3215727151498,2197.625,1129.9624392564713,0.15588235294117636,0.06359945872801087,0.15249266862170097,353.440528,231.7601786,240.7321429,97.84767857,0.29709236024798535,285.8958307666666,192.23270441416665,112.44,85.62238095238095,83.8652380952381,65.53181818181818,0.19278220374043942,97.44312698412698,79.91033559194429,0.8660254037844387,-0.4999999999999998
2022-05-01,418.4938776,112.1136363636364,2566,17.938181818181825,2404.0,2358.0,2040.0,3018.0,2596.0,1227.0,504.0,2267.3333333333335,198.21537108239468,2242.5,521.9730835972273,2962.0,1019.3416770374184,2575.722222222222,1059.5528915846335,2271.3333333333335,1080.2002900697012,0.019508057675996504,0.6953455571227081,-0.21257779233540774,334.7182331,272.4867857,177.8016234,104.2071429,-0.05297155650469132,320.21518226666666,211.9719172916667,106.1557142857143,94.267,80.89045454545455,68.3752380952381,-0.055890125527265244,104.28757142857144,83.29566026726896,0.49999999999999994,-0.8660254037844387
2022-06-01,427.425,117.6927272727273,2240,18.83083636363637,2566.0,2404.0,2358.0,2217.0,3383.0,1366.0,1799.0,2442.6666666666665,109.25810419978946,2167.1666666666665,407.7942700267682,2959.5,1020.3572012691537,2650.1111111111113,1004.8858810765164,2357.25,1013.4605481264159,0.0673876871880199,0.25784313725490193,-0.011556240369799742,418.4938776,353.440528,181.4739796,132.1529221,0.25028706600208217,368.88421289999997,238.16247851666665,112.1136363636364,112.44,74.67826086956522,73.51272727272728,0.05612436521209374,110.23645021645024,86.9405267896355,1.2246467991473532e-16,-1.0
2022-07-01,433.6265306,105.2528571428571,1895,16.840457142857137,2240.0,2566.0,2404.0,1418.0,3292.0,1452.0,1350.0,2403.3333333333335,163.0010224916761,2171.0,408.4639518978364,2864.25,1030.5282956725741,2698.6666666666665,959.2686552479315,2375.625,1006.8753565837491,-0.12704598597038197,-0.05004240882103472,-0.33786579958616614,427.425,334.7182331,231.7601786,153.1982143,0.021341106472617,393.54570356666665,262.7684850083333,117.6927272727273,106.1557142857143,85.62238095238095,74.40318181818182,0.04976282181228453,111.98735930735934,90.62219345630217,-0.4999999999999997,-0.8660254037844388
2022-08-01,447.4475649,97.64304347826088,965,15.622886956521741,1895.0,2240.0,2566.0,2040.0,4132.0,1675.0,1488.0,2233.6666666666665,335.54483058651243,2250.5,247.16775679687274,2747.8333333333335,1056.3967775013107,2723.277777777778,930.6587676641013,2398.3333333333335,988.7205463833445,-0.1540178571428571,-0.21173044925124795,-0.4243620899149453,433.6265306,418.4938776,272.4867857,173.5683673,0.014509049774814375,426.5151360666667,286.13751136666673,105.2528571428571,112.1136363636364,94.267,70.58818181818182,-0.10569786611405063,111.68640692640695,93.19299973335842,-0.8660254037844385,-0.5000000000000004
2022-09-01,467.7836735,90.60818181818182,1760,14.497309090909091,965.0,1895.0,2240.0,2358.0,5167.0,2046.0,1725.0,1700.0,659.4884381094154,2071.3333333333335,586.695037192803,2483.9166666666665,1074.6022061745236,2683.8333333333335,990.8043820701492,2376.5416666666665,1015.0693263609339,-0.4907651715039578,-0.6239282930631334,-0.7664569215876089,447.4475649,427.425,353.440528,188.1228896,0.031873128890144375,436.1663651666667,308.96077783333334,97.64304347826088,117.6927272727273,112.44,74.74954545454545,-0.07230030491493078,106.8628759646151,95.44757153836503,-1.0,-1.8369701987210297e-16
2022-10-01,426.9091837,93.71857142857144,1463,14.99497142857143,1760.0,965.0,1895.0,2404.0,3519.0,3053.0,1283.0,1540.0,502.518656370085,1971.6666666666667,579.0000575705192,2200.0,678.2520314616243,2667.9444444444443,1003.8420002360466,2378.0,1014.1172644654838,0.8238341968911918,-0.2142857142857143,-0.659376814399071,467.7836735,433.6265306,334.7182331,240.7321429,0.04544914353158891,449.6192563333334,332.2658431583333,90.60818181818182,105.2528571428571,106.1557142857143,83.8652380952381,-0.07204672662262201,97.83469414643326,96.76912456866803,-0.8660254037844386,0.5000000000000001
2022-11-01,368.2582792,90.93863636363636,1355,14.550181818181818,1463.0,1760.0,965.0,2566.0,3018.0,2596.0,1227.0,1396.0,401.71258382081464,1814.8333333333333,565.7658231695021,2028.6666666666667,564.9964333488944,2579.6111111111113,1037.3623871252614,2385.5,1006.3024871539241,-0.16874999999999996,-0.22796833773087066,-0.584256891162262,426.9091837,447.4475649,418.4938776,177.8016234,-0.0873790431679099,447.3801407,347.78059655833334,93.71857142857144,97.64304347826088,112.1136363636364,80.89045454545455,0.034327911100026975,93.98993224167138,97.59023567977916,-0.5000000000000004,0.8660254037844384
2022-12-01,427.6869643,81.50318181818182,1515,13.04050909090909,1355.0,1463.0,1760.0,2240.0,2217.0,3383.0,1366.0,1526.0,209.72124355914806,1613.0,447.93526317984566,1890.0833333333333,500.54633031107187,2510.6666666666665,1076.7023729889327,2390.8333333333335,1000.2163534071956,-0.07382091592617912,0.40414507772020736,-0.5510271703114645,368.2582792,467.7836735,427.425,181.4739796,-0.13738496790271792,420.9837121333333,363.6519845416667,90.93863636363636,90.60818181818182,117.6927272727273,74.67826086956522,-0.02966258472104255,91.75512987012986,98.42758416462765,-2.4492935982947064e-16,1.0
2023-01-01,404.5352041,84.08181818181818,681,13.453090909090909,1515.0,1355.0,1463.0,1895.0,1418.0,3292.0,1452.0,1444.3333333333333,81.61699169491945,1492.1666666666667,326.22103958307804,1831.5833333333333,499.8871615099012,2406.8888888888887,1077.6997775157583,2397.0416666666665,994.021891070582,0.11808118081180807,-0.13920454545454541,-0.31664411366711775,427.6869643,426.9091837,433.6265306,231.7601786,0.16137772986150423,407.61814239999995,384.1697332666667,81.50318181818182,93.71857142857144,105.2528571428571,85.62238095238095,-0.10375627920925701,88.72012987012988,98.99632757701237,0.49999999999999994,0.8660254037844387
2023-02-01,244.2053571,83.6325,990,13.3812,681.0,1515.0,1355.0,965.0,2040.0,4132.0,1675.0,1183.6666666666667,442.61194440878745,1289.8333333333333,395.52113302156704,1770.1666666666667,592.0907229829107,2261.8333333333335,1126.184513667067,2364.9166666666665,1037.403863190377,-0.5504950495049505,-0.534518113465482,-0.5197461212976022,404.5352041,368.2582792,447.4475649,272.4867857,-0.0541324897238632,400.1601492,398.56765205833335,84.08181818181818,90.93863636363636,97.64304347826088,94.267,0.03163847479462589,85.50787878787878,98.86794734613214,0.8660254037844386,0.5000000000000001
2023-03-01,195.9992236,79.25652173913043,1389,12.68104347826087,990.0,681.0,1515.0,1760.0,2358.0,5167.0,2046.0,1062.0,421.6360990237835,1294.0,391.52624433107604,1682.6666666666667,625.2461818186414,2087.277777777778,1060.8692221645167,2336.375,1066.2330201512561,0.45374449339207046,-0.2693726937269373,-0.5147058823529411,244.2053571,427.6869643,467.7836735,353.440528,-0.39633101241880275,358.80917516666665,396.21086634166664,83.6325,81.50318181818182,90.60818181818182,112.44,-0.005343820953616629,83.07249999999999,97.9817390127988,1.0,6.123233995736766e-17
2023-04-01,200.6761905,83.536,1576,13.36576,1389.0,990.0,681.0,1463.0,2404.0,3519.0,3053.0,1020.0,354.95210944575837,1232.1666666666667,327.2286152931374,1601.9166666666667,591.7753656019613,1877.388888888889,741.321644797824,2309.0,1082.3250335554792,0.40303030303030307,-0.08316831683168313,-0.41094147582697205,195.9992236,404.5352041,426.9091837,334.7182331,-0.1973999836549859,281.5799282666666,383.0907576416667,79.25652173913043,84.08181818181818,93.71857142857144,106.1557142857143,-0.052323896342564846,82.32361330698286,95.21644915772633,0.8660254037844387,-0.4999999999999998
2023-05-01,179.2623214,75.74739130434783,977,12.119582608695653,1576.0,1389.0,990.0,1355.0,2566.0,3018.0,2596.0,1318.3333333333333,299.3231252899248,1251.0,345.8907341921687,1532.9166666666667,535.3317507241047,1769.4444444444443,619.7102949549912,2247.4583333333335,1080.1708391114187,0.13462922966162716,1.31424375917768,-0.34442595673876875,200.6761905,244.2053571,368.2582792,418.4938776,0.023862170543822447,213.62692373333334,371.92058742499995,83.536,83.6325,90.93863636363636,112.1136363636364,0.053995282242580434,82.14167391304348,93.33147296725014,0.49999999999999994,-0.8660254037844387
2023-06-01,138.6316558,74.975,1091,11.995999999999999,977.0,1576.0,1389.0,1515.0,2240.0,2217.0,3383.0,1314.0,306.4620694311038,1188.0,357.39278112462966,1400.5,445.559199209265,1656.0555555555557,561.8428158063448,2180.0,1107.6621679288633,-0.3800761421319797,-0.013131313131313105,-0.6192517537022604,179.2623214,195.9992236,427.6869643,427.425,-0.10670856889721558,191.97924516666663,351.98462440833333,75.74739130434783,79.25652173913043,81.50318181818182,117.6927272727273,-0.09323655305080647,79.5133043478261,90.30095254564276,1.2246467991473532e-16,-1.0
2023-07-01,141.0295918,80.10904761904762,1127,12.817447619047618,1091.0,977.0,1576.0,681.0,1895.0,1418.0,3292.0,1214.6666666666667,318.0728428101457,1117.3333333333333,319.7390602767577,1304.75,364.91172656112275,1593.5,558.3871996257454,2084.5,1098.197772637555,0.11668372569089058,-0.21454283657307416,-0.5129464285714286,138.6316558,200.6761905,404.5352041,433.6265306,-0.2266547999751608,172.85672256666666,327.91851239166664,74.975,83.536,84.08181818181818,105.2528571428571,-0.010196936040271276,78.0861304347826,86.74114193958216,-0.4999999999999997,-0.8660254037844388
2023-08-01,152.7925325,85.16826086956522,1086,13.626921739130434,1127.0,1091.0,977.0,990.0,965.0,2040.0,4132.0,1065.0,78.30708780176766,1191.6666666666667,239.88302704998563,1240.75,316.05728048164923,1577.3333333333333,567.8988103734055,1994.2916666666667,1083.519445830463,0.03299725022914757,-0.2848984771573604,-0.40527704485488125,141.0295918,179.2623214,244.2053571,447.4475649,0.01729717492128513,152.974523,303.5354341583333,80.10904761904762,75.74739130434783,83.6325,97.64304347826088,0.06847679385191885,76.94381297446515,84.6458244792647,-0.8660254037844385,-0.5000000000000004
2023-09-01,168.4790816,92.67333333333332,1701,14.827733333333331,1086.0,1127.0,1091.0,1389.0,1760.0,2358.0,5167.0,1101.3333333333333,22.368132092939945,1207.6666666666667,226.5741968244931,1250.8333333333333,308.29496894822864,1524.3333333333333,566.695270327682,1867.375,997.1903927274,-0.03637976929902398,0.11156601842374614,0.12538860103626948,152.7925325,138.6316558,195.9992236,467.7836735,0.08340760651623746,144.15126003333333,278.980848125,85.16826086956522,74.975,79.25652173913043,90.60818181818182,0.0631540806049311,80.08410282953761,83.60625926187339,-1.0,-1.8369701987210297e-16
2023-10-01,150.7383117,88.94772727272726,1459,14.231636363636362,1701.0,1086.0,1127.0,1576.0,1463.0,2404.0,3519.0,1304.6666666666667,343.8463804278416,1259.6666666666667,300.316943688937,1245.9166666666667,299.78976219202826,1487.8333333333333,529.798546619373,1722.9583333333333,707.430960169116,0.5662983425414365,0.5591200733272228,-0.033522727272727315,168.4790816,141.0295918,200.6761905,426.9091837,0.10266567903113999,154.10040196666668,254.0387988,92.67333333333332,80.10904761904762,83.536,93.71857142857144,0.088120532075465,85.98354727398207,83.77835522146934,-0.8660254037844386,0.5000000000000001
2023-11-01,132.1193182,82.18636363636364,2937,13.149818181818182,1459.0,1701.0,1086.0,977.0,1355.0,2566.0,3018.0,1415.3333333333333,309.81661242310486,1240.1666666666667,278.6886554323017,1245.5833333333333,299.52855633579816,1435.3333333333333,477.9569264373221,1637.125,596.2797207978678,-0.14226925338036445,0.2945874001774622,-0.002734107997265922,150.7383117,152.7925325,179.2623214,368.2582792,-0.10529954064042102,157.33664193333334,231.02455946666666,88.94772727272726,85.16826086956522,75.74739130434783,90.93863636363636,-0.04020148975547866,88.9297738252086,83.380784875149,-0.5000000000000004,0.8660254037844384
2023-12-01,149.362218,77.54095238095238,2094,12.40655238095238,2937.0,1459.0,1701.0,1091.0,1515.0,2240.0,2217.0,2032.3333333333333,792.7530090345483,1566.8333333333333,715.2701354500022,1377.4166666666667,574.2385406041229,1455.9444444444443,534.2656832152313,1633.75,588.299853298728,1.0130226182316657,1.7044198895027622,1.167527675276753,132.1193182,168.4790816,138.6316558,427.6869643,-0.12351865487956093,150.4455705,211.3463127166667,82.18636363636364,92.67333333333332,74.975,81.50318181818182,-0.07601502414594874,87.93580808080806,82.65142881454294,-2.4492935982947064e-16,1.0
2024-01-01,140.8178571,79.11,1398,12.6576,2094.0,2937.0,1459.0,1127.0,681.0,1895.0,1418.0,2163.3333333333335,741.4353197233938,1734.0,698.8384648829784,1425.6666666666667,610.0577220578605,1447.8333333333333,522.6439852271502,1628.625,583.514227128071,-0.2870275791624106,0.23104056437389775,0.3821782178217821,149.362218,150.7383117,141.0295918,404.5352041,0.13051005738538546,144.07328263333335,188.15258385833332,77.54095238095238,88.94772727272726,80.10904761904762,84.08181818181818,-0.05652289564683799,82.8916810966811,82.32124302810716,0.49999999999999994,0.8660254037844387
2024-02-01,128.7005102,81.7957142857143,2111,13.087314285714287,1398.0,2094.0,2937.0,1086.0,990.0,965.0,2040.0,2143.0,770.6691897305858,1779.1666666666667,659.4062227994702,1485.4166666666667,563.85611612979,1420.2222222222222,510.62056311621865,1627.7916666666667,583.8422940104311,-0.332378223495702,-0.04180945853324192,1.052863436123348,140.8178571,132.1193182,152.7925325,244.2053571,-0.05720563750599905,140.76646443333334,166.176138275,79.11,82.18636363636364,85.16826086956522,83.6325,0.02023508315114597,79.61243867243867,81.90692484628897,0.8660254037844386,0.5000000000000001
2024-03-01,137.7032143,84.96142857142857,1821,13.593828571428572,2111.0,1398.0,2094.0,1701.0,1389.0,1760.0,2358.0,1867.6666666666667,406.8320701878477,1950.0,570.7209475742047,1578.8333333333333,567.1674168954705,1483.888888888889,521.8435520445352,1630.75,586.1968989578728,0.5100143061516451,-0.2812393598910453,1.1323232323232322,128.7005102,149.362218,168.4790816,195.9992236,-0.08604978906471372,139.62686176666668,156.55073436666666,81.7957142857143,77.54095238095238,92.67333333333332,79.25652173913043,0.03394911244740606,79.48222222222222,81.7538593700985,1.0,6.123233995736766e-17
2024-04-01,137.4953571,88.97454545454545,1685,14.235927272727272,1821.0,2111.0,1398.0,1459.0,1576.0,1463.0,2404.0,1776.6666666666667,358.56147775985295,1970.0,562.290316473615,1614.8333333333333,567.7326248625624,1487.2777777777778,523.9359868348934,1608.375,567.1708440182273,-0.13737565135007102,-0.13037249283667618,0.3110151187904968,137.7032143,140.8178571,150.7383117,200.6761905,0.06995080350505112,135.7405272,151.69273359166667,84.96142857142857,79.11,88.94772727272726,83.536,0.0387026913739803,81.9557142857143,82.22926827279001,0.8660254037844387,-0.4999999999999998
2024-05-01,148.0060714,83.05391304347826,1815,13.288626086956523,1685.0,1821.0,2111.0,2937.0,977.0,1355.0,2566.0,1872.3333333333333,217.58982819362186,2007.6666666666667,527.720254175131,1623.9166666666667,567.9267651784535,1499.611111111111,525.9399584261315,1578.4166666666667,541.7369742553694,-0.07468423942888525,0.20529327610872672,0.0691624365482233,137.4953571,128.7005102,132.1193182,179.2623214,-0.0015094578660100888,134.63302720000002,146.42766414166667,88.97454545454545,81.7957142857143,82.18636363636364,75.74739130434783,0.04723457397780195,85.24389610389609,82.68248039400213,0.49999999999999994,-0.8660254037844387
2024-06-01,143.5092857,82.9175,2050,13.266800000000002,1815.0,1685.0,1821.0,2094.0,1091.0,1515.0,2240.0,1773.6666666666667,76.84616667947417,1820.6666666666667,266.86675826461527,1693.75,531.5021807874544,1525.1666666666667,529.6625174136274,1547.125,502.47935821761195,0.0771513353115727,-0.14021790620558972,0.8577277379733879,148.0060714,137.7032143,149.362218,138.6316558,0.07644413979997577,141.06821426666667,143.82297664166666,83.05391304347826,84.96142857142857,77.54095238095238,74.975,-0.06654299137826869,85.66329568981742,83.29135720559633,1.2246467991473532e-16,-1.0
2024-07-01,141.9942857,84.0486956521739,1708,13.447791304347826,2050.0,1815.0,1685.0,1398.0,1127.0,681.0,1895.0,1850.0,184.99999999999042,1813.3333333333333,258.32124702909084,1773.6666666666667,504.02080284148144,1554.888888888889,543.8785427657958,1539.2083333333333,492.4857075098219,0.12947658402203865,0.12575507962657873,0.8790100824931255,143.5092857,137.4953571,140.8178571,141.0295918,-0.030382440784115006,143.00357139999997,144.2294458,82.9175,88.97454545454545,79.11,80.10904761904762,-0.0016424637741854209,84.9819861660079,83.95323220559634,-0.4999999999999997,-0.8660254037844388
2024-08-01,151.635,79.01863636363636,1814,12.642981818181818,1708.0,2050.0,1815.0,2111.0,1086.0,990.0,965.0,1857.6666666666667,174.9466585371947,1865.0,176.76311832505667,1822.0833333333333,462.44517283542893,1611.9444444444443,498.8121740368012,1531.4166666666667,488.07144137314424,-0.16682926829268296,0.013649851632047572,0.515527950310559,141.9942857,148.0060714,128.7005102,152.7925325,-0.01055680817175153,144.50321426666667,144.30983695833334,84.0486956521739,83.05391304347826,81.7957142857143,85.16826086956522,0.013642423519448776,83.34003623188407,84.28153620835685,-0.8660254037844385,-0.5000000000000004
2024-09-01,148.7432143,73.05761904761906,2084,11.68921904761905,1814.0,1708.0,2050.0,1821.0,1701.0,1389.0,1760.0,1857.3333333333333,175.06951000482582,1815.5,129.31318571591194,1882.75,400.7370765794655,1657.7222222222222,475.64950090630595,1566.7916666666667,475.84743437062053,0.06206088992974235,-0.000550964187327807,0.6703499079189688,151.635,143.5092857,137.7032143,168.4790816,0.06789508642881947,145.71285713333333,144.21337591666668,79.01863636363636,82.9175,84.96142857142857,92.67333333333332,-0.059846964304525074,81.99494400527009,83.76906749952946,-1.0,-1.8369701987210297e-16
2024-10-01,153.2175,75.26652173913043,1388,12.04264347826087,2084.0,1814.0,1708.0,1685.0,1459.0,1576.0,1463.0,1868.6666666666667,193.86937182889372,1859.3333333333333,169.79006645462113,1914.6666666666667,400.19729982582425,1696.3333333333333,480.7339976229971,1580.2916666666667,486.0537167636008,0.14884233737596464,0.01658536585365855,0.22516166960611406,148.7432143,141.9942857,137.4953571,150.7383117,-0.019070700695749565,147.45749999999998,142.56872030833333,73.05761904761906,84.0486956521739,88.97454545454545,88.94772727272726,-0.07543811928853417,78.70831702114312,82.1344246423866,-0.8660254037844386,0.5000000000000001
2024-11-01,150.57,73.50857142857143,1354,11.76137142857143,1388.0,2084.0,1814.0,1815.0,2937.0,977.0,1355.0,1762.0,350.90169563568105,1809.8333333333333,253.4580175624054,1908.75,407.99534868115404,1685.888888888889,485.5205682792664,1577.1666666666667,487.0806260075272,-0.3339731285988484,-0.18735362997658078,-0.04866346812885536,153.2175,151.635,148.0060714,132.1193182,0.030080603818173568,151.19857143333334,142.77531933333333,75.26652173913043,79.01863636363636,83.05391304347826,82.18636363636364,0.030235076372686187,75.7809257167953,80.99432418125353,-0.5000000000000004,0.8660254037844384
2024-12-01,140.2242857,73.22772727272726,997,11.716436363636362,1354.0,1388.0,2084.0,2050.0,2094.0,1091.0,1515.0,1608.6666666666667,412.00161811979444,1733.0,314.178929910963,1776.8333333333333,281.665124614753,1706.8333333333333,460.63539875723274,1577.125,487.1004996293177,-0.02449567723342938,-0.2535832414553473,-0.5389853592100783,150.57,148.7432143,143.5092857,149.362218,-0.0172793577757111,150.84357143333332,144.31287615,73.50857142857143,73.05761904761906,82.9175,77.54095238095238,-0.02335633785033875,73.94423740510696,80.27117483060418,-2.4492935982947064e-16,1.0
2025-01-01,125.3228571,78.19391304347826,735,12.511026086956521,997.0,1354.0,1388.0,1708.0,1398.0,1127.0,681.0,1246.3333333333333,216.5971683409725,1557.5,387.2847789417982,1685.4166666666667,341.11433922402665,1701.611111111111,468.4935982849568,1555.5416666666667,501.2438423489651,-0.2636632200886263,-0.5215930902111324,-0.5238777459407832,140.2242857,153.2175,141.9942857,140.8178571,-0.06871032941489008,148.00392856666667,143.55138179166667,73.22772727272726,75.26652173913043,84.0486956521739,79.11,-0.0038205633763004343,74.0009401468097,79.91173940491875,0.49999999999999994,0.8660254037844387
2025-02-01,113.1739286,75.193,1229,12.03088,735.0,997.0,1354.0,1814.0,2111.0,1086.0,990.0,1028.6666666666667,310.71262177988,1395.3333333333333,499.2024305496358,1630.1666666666667,433.17030732901935,1679.8333333333333,504.50257971706753,1557.7916666666667,497.2527989006128,-0.2627883650952858,-0.47046109510086453,-0.47424892703862664,125.3228571,150.57,151.635,128.7005102,-0.10626852920385388,138.70571426666666,142.26013179166665,78.19391304347826,73.50857142857143,79.01863636363636,81.7957142857143,0.06781837912646216,74.97673724825898,79.8353988252086,0.8660254037844386,0.5000000000000001
2025-03-01,104.7685714,71.74142857142857,1598,11.47862857142857,1229.0,735.0,997.0,2084.0,1821.0,1701.0,1389.0,987.0,247.15177523132067,1297.8333333333333,456.368893184739,1556.6666666666667,418.7545024633589,1687.7777777777778,495.64961005503875,1567.75,487.68862571539887,0.672108843537415,-0.09231905465288037,-0.41781146376125056,113.1739286,140.2242857,148.7432143,137.7032143,-0.09694104316745578,126.24035713333332,140.96624999166667,75.193,73.22772727272726,73.05761904761906,84.96142857142857,-0.038377834369405006,75.53821343873517,79.28517263473242,1.0,6.123233995736766e-17
2025-04-01,101.1428571,66.92727272727274,1386,10.708363636363638,1598.0,1229.0,735.0,1388.0,1685.0,1459.0,1576.0,1187.3333333333333,433.00615853972255,1216.8333333333333,307.9086985888245,1538.0833333333333,410.83074558162446,1682.0555555555557,496.0823546694426,1576.4583333333333,486.22181189485866,0.3002441008950367,0.6028084252758275,-0.12246018671059855,104.7685714,125.3228571,153.2175,137.4953571,-0.07426937726715976,114.42178569999999,138.22169641666667,71.74142857142857,78.19391304347826,75.26652173913043,88.97454545454545,-0.04590282910073318,75.04278053830228,78.18350596806575,0.8660254037844387,-0.4999999999999998
2025-05-01,104.0378571,64.09272727272727,1418,10.254836363636365,1386.0,1598.0,1229.0,1354.0,1815.0,2937.0,977.0,1404.3333333333333,185.18189256330683,1216.5,307.6873413060682,1513.1666666666667,410.17686503027267,1678.0,498.30654397138466,1568.5416666666667,487.77391227161183,-0.132665832290363,0.8857142857142857,-0.1774480712166172,101.1428571,113.1739286,150.57,148.0060714,-0.03460688879833285,106.3617857,135.19232141666666,66.92727272727274,75.193,73.50857142857143,83.05391304347826,-0.06710426513688217,71.28723376623377,76.34623324079303,0.49999999999999994,-0.8660254037844387
2025-06-01,110.1385714,69.84666666666666,1489,11.175466666666667,1418.0,1386.0,1598.0,997.0,2050.0,2094.0,1091.0,1467.3333333333333,114.2861904751766,1227.1666666666667,314.4426285773982,1480.0833333333333,399.4900063224575,1593.611111111111,389.2369819333397,1586.9166666666667,472.5911843615286,0.023088023088023046,0.15378356387306757,-0.21873278236914595,104.0378571,104.7685714,140.2242857,143.5092857,0.02862288136806046,103.31642853333334,131.52830355833333,64.09272727272727,71.74142857142857,73.22772727272726,82.9175,-0.04235262157022557,67.58714285714287,74.76613442656377,1.2246467991473532e-16,-1.0
2025-07-01,116.2992857,69.56478260869565,2003,11.130365217391304,1489.0,1418.0,1386.0,735.0,1708.0,1398.0,1127.0,1431.0,52.716221412340225,1309.1666666666667,306.4659306785402,1433.3333333333333,357.3338986879318,1560.0,369.08567473435966,1603.5,461.2803542504186,0.050070521861777184,-0.0682102628285357,-0.2736585365853659,110.1385714,101.1428571,125.3228571,141.9942857,0.05863936907251044,105.10642853333333,128.74741070000002,69.84666666666666,66.92727272727274,78.19391304347826,84.0486956521739,0.08977523096271489,66.95555555555556,73.67689831545266,-0.4999999999999997,-0.8660254037844388
2025-08-01,119.2135714,67.24428571428571,2025,10.759085714285714,2003.0,1489.0,1418.0,1229.0,1814.0,2111.0,1086.0,1636.6666666666667,319.2339789767514,1520.5,265.8471365277379,1457.9166666666667,386.87429443809225,1593.611111111111,380.8259041623161,1640.0,456.5705812381852,0.3451981195433176,0.4451659451659451,0.17271662763466034,116.2992857,104.0378571,113.1739286,151.635,0.05593602878346382,110.15857139999999,126.60616069999999,69.56478260869565,64.09272727272727,75.193,79.01863636363636,-0.004035755339854119,67.83472551602986,72.46990556182946,-0.8660254037844385,-0.5000000000000004
2025-09-01,112.5342857,67.60909090909091,2134,10.817454545454545,2025.0,2003.0,1489.0,1598.0,2084.0,1821.0,1701.0,1839.0,303.3084238856488,1653.1666666666667,288.90096342287393,1475.5,408.7082756018729,1588.8333333333333,374.43891357603286,1679.125,447.16861059822634,0.010983524712930626,0.42806770098730595,0.11631753031973546,119.2135714,110.1385714,104.7685714,148.7432143,0.025058500423790653,115.21714283333334,123.90437498333334,67.24428571428571,69.84666666666666,71.74142857142857,73.05761904761906,-0.033357351340588814,68.88524499654933,71.48870967438359,-1.0,-1.8369701987210297e-16
2025-10-01,111.4982143,63.98130434782609,1966,10.237008695652175,2134.0,2025.0,2003.0,1386.0,1388.0,1685.0,1459.0,2054.0,70.14983962916207,1742.5,345.7147668237478,1479.6666666666667,415.6712716325342,1606.2222222222222,392.6785177478561,1697.1666666666667,456.7225079579094,0.053827160493827186,0.4331766286098053,0.02399232245681393,112.5342857,116.2992857,101.1428571,153.2175,-0.056027897005021754,116.01571426666668,120.88696426666667,67.60909090909091,69.56478260869565,66.92727272727274,75.26652173913043,0.005425073534950142,68.13938641069076,71.03466566283957,-0.8660254037844386,0.5000000000000001
2025-11-01,115.4367857,63.6935,2560,10.19096,1966.0,2134.0,2025.0,1418.0,1354.0,1815.0,2937.0,2041.6666666666667,85.23105850176006,1839.1666666666667,304.75788204190104,1527.8333333333333,437.0235760924209,1621.8333333333333,401.4815577040498,1718.2916666666667,456.9527117734413,-0.07872539831302716,-0.018472291562656062,0.4164265129682998,111.4982143,119.2135714,104.0378571,150.57,-0.009206717699901779,114.41535713333333,117.410357125,63.98130434782609,67.24428571428571,64.09272727272727,73.50857142857143,-0.053658265663457105,66.27822699040091,70.09423088023088,-0.5000000000000004,0.8660254037844384
2025-12-01,115.6842857,61.81090909090909,1877,9.889745454545455,2560.0,1966.0,2134.0,1489.0,997.0,2050.0,2094.0,2220.0,306.1960156501025,2029.5,343.29156703886434,1628.3333333333333,523.5223939524449,1663.2222222222222,457.113392491153,1702.5833333333333,418.0614596658861,0.30213631739572744,0.2641975308641975,0.8906942392909896,115.4367857,112.5342857,110.1385714,140.2242857,0.03532407603769139,113.15642856666666,114.48258926666666,63.6935,67.60909090909091,69.84666666666666,73.22772727272726,-0.004498256963651137,65.09463175230567,69.27630826118326,-2.4492935982947064e-16,1.0
