route_id,vessel_id,month,rate,type
us-viz,capesize,Sep 23,29.16,Historical
us-viz,capesize,Oct 23,30.32,Historical
us-viz,capesize,Nov 23,29.75,Historical
us-viz,capesize,Dec 23,30.0,Historical
us-viz,capesize,Jan 24,31.0,Historical
us-viz,capesize,Feb 24,30.41,Historical
us-viz,capesize,Mar 24,29.73,Historical
us-viz,capesize,Apr 24,29.14,Historical
us-viz,capesize,May 24,28.07,Historical
us-viz,capesize,Jun 24,28.51,Historical
us-viz,capesize,Jul 24,28.85,Historical
us-viz,capesize,Aug 24,28.89,Historical
us-viz,capesize,Sep 24,31.29,Historical
us-viz,capesize,Oct 24,31.3,Historical
us-viz,capesize,Nov 24,30.95,Historical
us-viz,capesize,Dec 24,32.35,Historical
us-viz,capesize,Jan 25,31.27,Historical
us-viz,capesize,Feb 25,31.88,Historical
us-viz,capesize,Mar 25,31.45,Historical
us-viz,capesize,Apr 25,29.6,Historical
us-viz,capesize,May 25,30.22,Historical
us-viz,capesize,Jun 25,29.79,Historical
us-viz,capesize,Jul 25,30.33,Historical
us-viz,capesize,Aug 25,31.62,Historical
us-viz,capesize,Sep 25,31.19,Historical
us-viz,capesize,Oct 25,31.73,Historical
us-viz,capesize,Nov 25,32.29,Historical
us-viz,capesize,Dec 25,32.64,Historical
us-viz,capesize,Jan 26,32.97,Historical
us-viz,capesize,Feb 26,32.77,Historical
us-viz,capesize,Mar 26,32.08,Historical
us-viz,capesize,Apr 26,31.76,Historical
us-viz,capesize,May 26,30.82,Historical
us-viz,capesize,Jun 26,31.58,Historical
us-viz,capesize,Jul 26,30.85,Historical
us-viz,capesize,Aug 26,33.28,Historical
us-viz,panamax,Sep 23,36.88,Historical
us-viz,panamax,Oct 23,36.83,Historical
us-viz,panamax,Nov 23,37.35,Historical
us-viz,panamax,Dec 23,38.58,Historical
us-viz,panamax,Jan 24,38.05,Historical
us-viz,panamax,Feb 24,38.16,Historical
us-viz,panamax,Mar 24,37.37,Historical
us-viz,panamax,Apr 24,36.39,Historical
us-viz,panamax,May 24,35.47,Historical
us-viz,panamax,Jun 24,34.97,Historical
us-viz,panamax,Jul 24,35.91,Historical
us-viz,panamax,Aug 24,37.33,Historical
us-viz,panamax,Sep 24,37.8,Historical
us-viz,panamax,Oct 24,37.77,Historical
us-viz,panamax,Nov 24,39.26,Historical
us-viz,panamax,Dec 24,39.69,Historical
us-viz,panamax,Jan 25,38.82,Historical
us-viz,panamax,Feb 25,39.0,Historical
us-viz,panamax,Mar 25,38.28,Historical
us-viz,panamax,Apr 25,36.91,Historical
us-viz,panamax,May 25,37.36,Historical
us-viz,panamax,Jun 25,37.38,Historical
us-viz,panamax,Jul 25,37.99,Historical
us-viz,panamax,Aug 25,38.62,Historical
us-viz,panamax,Sep 25,38.01,Historical
us-viz,panamax,Oct 25,39.12,Historical
us-viz,panamax,Nov 25,40.64,Historical
us-viz,panamax,Dec 25,40.93,Historical
us-viz,panamax,Jan 26,40.83,Historical
us-viz,panamax,Feb 26,42.38,Historical
us-viz,panamax,Mar 26,39.76,Historical
us-viz,panamax,Apr 26,39.45,Historical
us-viz,panamax,May 26,38.88,Historical
us-viz,panamax,Jun 26,38.6,Historical
us-viz,panamax,Jul 26,38.32,Historical
us-viz,panamax,Aug 26,39.61,Historical
us-viz,supramax,Sep 23,43.54,Historical
us-viz,supramax,Oct 23,44.71,Historical
us-viz,supramax,Nov 23,45.2,Historical
us-viz,supramax,Dec 23,45.84,Historical
us-viz,supramax,Jan 24,47.08,Historical
us-viz,supramax,Feb 24,44.12,Historical
us-viz,supramax,Mar 24,45.0,Historical
us-viz,supramax,Apr 24,42.96,Historical
us-viz,supramax,May 24,43.2,Historical
us-viz,supramax,Jun 24,44.03,Historical
us-viz,supramax,Jul 24,43.71,Historical
us-viz,supramax,Aug 24,43.67,Historical
us-viz,supramax,Sep 24,44.74,Historical
us-viz,supramax,Oct 24,46.42,Historical
us-viz,supramax,Nov 24,46.22,Historical
us-viz,supramax,Dec 24,47.09,Historical
us-viz,supramax,Jan 25,46.88,Historical
us-viz,supramax,Feb 25,46.01,Historical
us-viz,supramax,Mar 25,47.04,Historical
us-viz,supramax,Apr 25,45.48,Historical
us-viz,supramax,May 25,43.43,Historical
us-viz,supramax,Jun 25,44.65,Historical
us-viz,supramax,Jul 25,44.44,Historical
us-viz,supramax,Aug 25,46.0,Historical
us-viz,supramax,Sep 25,45.86,Historical
us-viz,supramax,Oct 25,47.11,Historical
us-viz,supramax,Nov 25,48.13,Historical
us-viz,supramax,Dec 25,48.64,Historical
us-viz,supramax,Jan 26,47.3,Historical
us-viz,supramax,Feb 26,47.37,Historical
us-viz,supramax,Mar 26,46.63,Historical
us-viz,supramax,Apr 26,45.87,Historical
us-viz,supramax,May 26,46.87,Historical
us-viz,supramax,Jun 26,45.95,Historical
us-viz,supramax,Jul 26,45.25,Historical
us-viz,supramax,Aug 26,47.2,Historical
us-viz,handysize,Sep 23,59.27,Historical
us-viz,handysize,Oct 23,59.47,Historical
us-viz,handysize,Nov 23,58.58,Historical
us-viz,handysize,Dec 23,59.5,Historical
us-viz,handysize,Jan 24,60.45,Historical
us-viz,handysize,Feb 24,58.81,Historical
us-viz,handysize,Mar 24,58.85,Historical
us-viz,handysize,Apr 24,58.4,Historical
us-viz,handysize,May 24,56.92,Historical
us-viz,handysize,Jun 24,57.34,Historical
us-viz,handysize,Jul 24,55.73,Historical
us-viz,handysize,Aug 24,57.7,Historical
us-viz,handysize,Sep 24,59.02,Historical
us-viz,handysize,Oct 24,59.27,Historical
us-viz,handysize,Nov 24,61.64,Historical
us-viz,handysize,Dec 24,60.1,Historical
us-viz,handysize,Jan 25,60.59,Historical
us-viz,handysize,Feb 25,60.48,Historical
us-viz,handysize,Mar 25,60.61,Historical
us-viz,handysize,Apr 25,58.24,Historical
us-viz,handysize,May 25,59.34,Historical
us-viz,handysize,Jun 25,58.55,Historical
us-viz,handysize,Jul 25,58.25,Historical
us-viz,handysize,Aug 25,59.76,Historical
us-viz,handysize,Sep 25,60.45,Historical
us-viz,handysize,Oct 25,60.82,Historical
us-viz,handysize,Nov 25,61.87,Historical
us-viz,handysize,Dec 25,61.89,Historical
us-viz,handysize,Jan 26,62.09,Historical
us-viz,handysize,Feb 26,61.97,Historical
us-viz,handysize,Mar 26,61.87,Historical
us-viz,handysize,Apr 26,59.52,Historical
us-viz,handysize,May 26,61.09,Historical
us-viz,handysize,Jun 26,58.54,Historical
us-viz,handysize,Jul 26,59.92,Historical
us-viz,handysize,Aug 26,61.01,Historical
moz-gan,capesize,Sep 23,16.37,Historical
moz-gan,capesize,Oct 23,16.67,Historical
moz-gan,capesize,Nov 23,17.57,Historical
moz-gan,capesize,Dec 23,17.7,Historical
moz-gan,capesize,Jan 24,17.53,Historical
moz-gan,capesize,Feb 24,17.95,Historical
moz-gan,capesize,Mar 24,17.0,Historical
moz-gan,capesize,Apr 24,15.71,Historical
moz-gan,capesize,May 24,16.22,Historical
moz-gan,capesize,Jun 24,15.76,Historical
moz-gan,capesize,Jul 24,16.36,Historical
moz-gan,capesize,Aug 24,16.9,Historical
moz-gan,capesize,Sep 24,16.87,Historical
moz-gan,capesize,Oct 24,17.88,Historical
moz-gan,capesize,Nov 24,19.31,Historical
moz-gan,capesize,Dec 24,19.52,Historical
moz-gan,capesize,Jan 25,19.04,Historical
moz-gan,capesize,Feb 25,18.67,Historical
moz-gan,capesize,Mar 25,18.72,Historical
moz-gan,capesize,Apr 25,16.94,Historical
moz-gan,capesize,May 25,17.17,Historical
moz-gan,capesize,Jun 25,16.62,Historical
moz-gan,capesize,Jul 25,16.91,Historical
moz-gan,capesize,Aug 25,18.35,Historical
moz-gan,capesize,Sep 25,19.03,Historical
moz-gan,capesize,Oct 25,19.87,Historical
moz-gan,capesize,Nov 25,20.81,Historical
moz-gan,capesize,Dec 25,20.34,Historical
moz-gan,capesize,Jan 26,20.63,Historical
moz-gan,capesize,Feb 26,19.58,Historical
moz-gan,capesize,Mar 26,19.31,Historical
moz-gan,capesize,Apr 26,18.39,Historical
moz-gan,capesize,May 26,18.07,Historical
moz-gan,capesize,Jun 26,18.27,Historical
moz-gan,capesize,Jul 26,17.72,Historical
moz-gan,capesize,Aug 26,20.11,Historical
moz-gan,panamax,Sep 23,20.4,Historical
moz-gan,panamax,Oct 23,21.12,Historical
moz-gan,panamax,Nov 23,23.19,Historical
moz-gan,panamax,Dec 23,23.27,Historical
moz-gan,panamax,Jan 24,23.06,Historical
moz-gan,panamax,Feb 24,22.61,Historical
moz-gan,panamax,Mar 24,21.58,Historical
moz-gan,panamax,Apr 24,20.39,Historical
moz-gan,panamax,May 24,20.52,Historical
moz-gan,panamax,Jun 24,19.97,Historical
moz-gan,panamax,Jul 24,21.26,Historical
moz-gan,panamax,Aug 24,21.23,Historical
moz-gan,panamax,Sep 24,21.67,Historical
moz-gan,panamax,Oct 24,22.82,Historical
moz-gan,panamax,Nov 24,23.91,Historical
moz-gan,panamax,Dec 24,23.62,Historical
moz-gan,panamax,Jan 25,23.36,Historical
moz-gan,panamax,Feb 25,23.55,Historical
moz-gan,panamax,Mar 25,22.9,Historical
moz-gan,panamax,Apr 25,21.79,Historical
moz-gan,panamax,May 25,21.36,Historical
moz-gan,panamax,Jun 25,21.68,Historical
moz-gan,panamax,Jul 25,20.97,Historical
moz-gan,panamax,Aug 25,21.64,Historical
moz-gan,panamax,Sep 25,22.9,Historical
moz-gan,panamax,Oct 25,24.05,Historical
moz-gan,panamax,Nov 25,25.01,Historical
moz-gan,panamax,Dec 25,26.01,Historical
moz-gan,panamax,Jan 26,25.54,Historical
moz-gan,panamax,Feb 26,24.47,Historical
moz-gan,panamax,Mar 26,23.91,Historical
moz-gan,panamax,Apr 26,22.66,Historical
moz-gan,panamax,May 26,22.8,Historical
moz-gan,panamax,Jun 26,22.54,Historical
moz-gan,panamax,Jul 26,23.2,Historical
moz-gan,panamax,Aug 26,23.16,Historical
moz-gan,supramax,Sep 23,26.81,Historical
moz-gan,supramax,Oct 23,28.27,Historical
moz-gan,supramax,Nov 23,27.93,Historical
moz-gan,supramax,Dec 23,28.53,Historical
moz-gan,supramax,Jan 24,28.6,Historical
moz-gan,supramax,Feb 24,27.5,Historical
moz-gan,supramax,Mar 24,27.22,Historical
moz-gan,supramax,Apr 24,26.44,Historical
moz-gan,supramax,May 24,26.04,Historical
moz-gan,supramax,Jun 24,25.41,Historical
moz-gan,supramax,Jul 24,26.19,Historical
moz-gan,supramax,Aug 24,27.12,Historical
moz-gan,supramax,Sep 24,28.54,Historical
moz-gan,supramax,Oct 24,29.09,Historical
moz-gan,supramax,Nov 24,30.45,Historical
moz-gan,supramax,Dec 24,29.0,Historical
moz-gan,supramax,Jan 25,29.88,Historical
moz-gan,supramax,Feb 25,29.01,Historical
moz-gan,supramax,Mar 25,29.56,Historical
moz-gan,supramax,Apr 25,27.11,Historical
moz-gan,supramax,May 25,26.64,Historical
moz-gan,supramax,Jun 25,26.68,Historical
moz-gan,supramax,Jul 25,26.07,Historical
moz-gan,supramax,Aug 25,27.67,Historical
moz-gan,supramax,Sep 25,28.38,Historical
moz-gan,supramax,Oct 25,29.77,Historical
moz-gan,supramax,Nov 25,30.53,Historical
moz-gan,supramax,Dec 25,31.75,Historical
moz-gan,supramax,Jan 26,31.09,Historical
moz-gan,supramax,Feb 26,29.72,Historical
moz-gan,supramax,Mar 26,28.88,Historical
moz-gan,supramax,Apr 26,29.06,Historical
moz-gan,supramax,May 26,27.52,Historical
moz-gan,supramax,Jun 26,29.31,Historical
moz-gan,supramax,Jul 26,29.21,Historical
moz-gan,supramax,Aug 26,28.87,Historical
moz-gan,handysize,Sep 23,33.97,Historical
moz-gan,handysize,Oct 23,36.66,Historical
moz-gan,handysize,Nov 23,36.42,Historical
moz-gan,handysize,Dec 23,37.53,Historical
moz-gan,handysize,Jan 24,35.73,Historical
moz-gan,handysize,Feb 24,35.88,Historical
moz-gan,handysize,Mar 24,35.59,Historical
moz-gan,handysize,Apr 24,34.96,Historical
moz-gan,handysize,May 24,34.21,Historical
moz-gan,handysize,Jun 24,34.75,Historical
moz-gan,handysize,Jul 24,34.03,Historical
moz-gan,handysize,Aug 24,35.23,Historical
moz-gan,handysize,Sep 24,36.24,Historical
moz-gan,handysize,Oct 24,37.32,Historical
moz-gan,handysize,Nov 24,38.09,Historical
moz-gan,handysize,Dec 24,37.28,Historical
moz-gan,handysize,Jan 25,36.93,Historical
moz-gan,handysize,Feb 25,38.17,Historical
moz-gan,handysize,Mar 25,36.95,Historical
moz-gan,handysize,Apr 25,35.65,Historical
moz-gan,handysize,May 25,36.58,Historical
moz-gan,handysize,Jun 25,35.61,Historical
moz-gan,handysize,Jul 25,36.55,Historical
moz-gan,handysize,Aug 25,36.53,Historical
moz-gan,handysize,Sep 25,38.57,Historical
moz-gan,handysize,Oct 25,39.23,Historical
moz-gan,handysize,Nov 25,38.68,Historical
moz-gan,handysize,Dec 25,39.71,Historical
moz-gan,handysize,Jan 26,39.41,Historical
moz-gan,handysize,Feb 26,39.39,Historical
moz-gan,handysize,Mar 26,37.34,Historical
moz-gan,handysize,Apr 26,37.68,Historical
moz-gan,handysize,May 26,37.45,Historical
moz-gan,handysize,Jun 26,35.65,Historical
moz-gan,handysize,Jul 26,36.3,Historical
moz-gan,handysize,Aug 26,36.43,Historical
rus-gop,capesize,Sep 23,21.34,Historical
rus-gop,capesize,Oct 23,22.78,Historical
rus-gop,capesize,Nov 23,23.89,Historical
rus-gop,capesize,Dec 23,23.34,Historical
rus-gop,capesize,Jan 24,24.17,Historical
rus-gop,capesize,Feb 24,21.91,Historical
rus-gop,capesize,Mar 24,21.06,Historical
rus-gop,capesize,Apr 24,21.4,Historical
rus-gop,capesize,May 24,21.21,Historical
rus-gop,capesize,Jun 24,20.86,Historical
rus-gop,capesize,Jul 24,19.93,Historical
rus-gop,capesize,Aug 24,21.77,Historical
rus-gop,capesize,Sep 24,21.88,Historical
rus-gop,capesize,Oct 24,23.92,Historical
rus-gop,capesize,Nov 24,24.38,Historical
rus-gop,capesize,Dec 24,23.89,Historical
rus-gop,capesize,Jan 25,24.05,Historical
rus-gop,capesize,Feb 25,23.27,Historical
rus-gop,capesize,Mar 25,23.21,Historical
rus-gop,capesize,Apr 25,23.17,Historical
rus-gop,capesize,May 25,21.55,Historical
rus-gop,capesize,Jun 25,22.34,Historical
rus-gop,capesize,Jul 25,22.02,Historical
rus-gop,capesize,Aug 25,22.51,Historical
rus-gop,capesize,Sep 25,23.77,Historical
rus-gop,capesize,Oct 25,24.06,Historical
rus-gop,capesize,Nov 25,24.99,Historical
rus-gop,capesize,Dec 25,24.91,Historical
rus-gop,capesize,Jan 26,26.7,Historical
rus-gop,capesize,Feb 26,25.09,Historical
rus-gop,capesize,Mar 26,24.0,Historical
rus-gop,capesize,Apr 26,23.89,Historical
rus-gop,capesize,May 26,23.24,Historical
rus-gop,capesize,Jun 26,23.08,Historical
rus-gop,capesize,Jul 26,23.88,Historical
rus-gop,capesize,Aug 26,24.61,Historical
rus-gop,panamax,Sep 23,27.68,Historical
rus-gop,panamax,Oct 23,28.5,Historical
rus-gop,panamax,Nov 23,29.33,Historical
rus-gop,panamax,Dec 23,28.41,Historical
rus-gop,panamax,Jan 24,28.78,Historical
rus-gop,panamax,Feb 24,30.06,Historical
rus-gop,panamax,Mar 24,29.57,Historical
rus-gop,panamax,Apr 24,27.78,Historical
rus-gop,panamax,May 24,27.82,Historical
rus-gop,panamax,Jun 24,27.56,Historical
rus-gop,panamax,Jul 24,29.52,Historical
rus-gop,panamax,Aug 24,28.99,Historical
rus-gop,panamax,Sep 24,29.09,Historical
rus-gop,panamax,Oct 24,29.44,Historical
rus-gop,panamax,Nov 24,29.7,Historical
rus-gop,panamax,Dec 24,31.08,Historical
rus-gop,panamax,Jan 25,30.4,Historical
rus-gop,panamax,Feb 25,29.55,Historical
rus-gop,panamax,Mar 25,29.36,Historical
rus-gop,panamax,Apr 25,28.45,Historical
rus-gop,panamax,May 25,29.66,Historical
rus-gop,panamax,Jun 25,29.07,Historical
rus-gop,panamax,Jul 25,28.84,Historical
rus-gop,panamax,Aug 25,30.37,Historical
rus-gop,panamax,Sep 25,30.38,Historical
rus-gop,panamax,Oct 25,30.66,Historical
rus-gop,panamax,Nov 25,32.74,Historical
rus-gop,panamax,Dec 25,32.45,Historical
rus-gop,panamax,Jan 26,31.4,Historical
rus-gop,panamax,Feb 26,31.46,Historical
rus-gop,panamax,Mar 26,30.39,Historical
rus-gop,panamax,Apr 26,29.43,Historical
rus-gop,panamax,May 26,30.37,Historical
rus-gop,panamax,Jun 26,30.85,Historical
rus-gop,panamax,Jul 26,29.17,Historical
rus-gop,panamax,Aug 26,30.99,Historical
rus-gop,supramax,Sep 23,33.81,Historical
rus-gop,supramax,Oct 23,34.75,Historical
rus-gop,supramax,Nov 23,35.34,Historical
rus-gop,supramax,Dec 23,35.47,Historical
rus-gop,supramax,Jan 24,35.92,Historical
rus-gop,supramax,Feb 24,34.94,Historical
rus-gop,supramax,Mar 24,34.95,Historical
rus-gop,supramax,Apr 24,34.1,Historical
rus-gop,supramax,May 24,33.54,Historical
rus-gop,supramax,Jun 24,33.03,Historical
rus-gop,supramax,Jul 24,33.53,Historical
rus-gop,supramax,Aug 24,34.97,Historical
rus-gop,supramax,Sep 24,35.67,Historical
rus-gop,supramax,Oct 24,35.63,Historical
rus-gop,supramax,Nov 24,36.92,Historical
rus-gop,supramax,Dec 24,37.61,Historical
rus-gop,supramax,Jan 25,36.05,Historical
rus-gop,supramax,Feb 25,36.93,Historical
rus-gop,supramax,Mar 25,35.55,Historical
rus-gop,supramax,Apr 25,35.64,Historical
rus-gop,supramax,May 25,34.39,Historical
rus-gop,supramax,Jun 25,33.66,Historical
rus-gop,supramax,Jul 25,34.06,Historical
rus-gop,supramax,Aug 25,35.71,Historical
rus-gop,supramax,Sep 25,36.69,Historical
rus-gop,supramax,Oct 25,36.84,Historical
rus-gop,supramax,Nov 25,38.41,Historical
rus-gop,supramax,Dec 25,37.33,Historical
rus-gop,supramax,Jan 26,38.18,Historical
rus-gop,supramax,Feb 26,37.04,Historical
rus-gop,supramax,Mar 26,36.73,Historical
rus-gop,supramax,Apr 26,36.49,Historical
rus-gop,supramax,May 26,35.5,Historical
rus-gop,supramax,Jun 26,35.68,Historical
rus-gop,supramax,Jul 26,36.81,Historical
rus-gop,supramax,Aug 26,36.51,Historical
rus-gop,handysize,Sep 23,45.5,Historical
rus-gop,handysize,Oct 23,45.17,Historical
rus-gop,handysize,Nov 23,46.81,Historical
rus-gop,handysize,Dec 23,47.66,Historical
rus-gop,handysize,Jan 24,45.2,Historical
rus-gop,handysize,Feb 24,45.76,Historical
rus-gop,handysize,Mar 24,45.93,Historical
rus-gop,handysize,Apr 24,44.81,Historical
rus-gop,handysize,May 24,44.7,Historical
rus-gop,handysize,Jun 24,44.01,Historical
rus-gop,handysize,Jul 24,44.73,Historical
rus-gop,handysize,Aug 24,45.23,Historical
rus-gop,handysize,Sep 24,46.87,Historical
rus-gop,handysize,Oct 24,47.17,Historical
rus-gop,handysize,Nov 24,47.86,Historical
rus-gop,handysize,Dec 24,47.71,Historical
rus-gop,handysize,Jan 25,47.56,Historical
rus-gop,handysize,Feb 25,47.14,Historical
rus-gop,handysize,Mar 25,46.99,Historical
rus-gop,handysize,Apr 25,45.84,Historical
rus-gop,handysize,May 25,45.82,Historical
rus-gop,handysize,Jun 25,46.79,Historical
rus-gop,handysize,Jul 25,46.36,Historical
rus-gop,handysize,Aug 25,46.29,Historical
rus-gop,handysize,Sep 25,48.05,Historical
rus-gop,handysize,Oct 25,47.94,Historical
rus-gop,handysize,Nov 25,47.6,Historical
rus-gop,handysize,Dec 25,48.52,Historical
rus-gop,handysize,Jan 26,47.9,Historical
rus-gop,handysize,Feb 26,48.36,Historical
rus-gop,handysize,Mar 26,47.93,Historical
rus-gop,handysize,Apr 26,48.27,Historical
rus-gop,handysize,May 26,47.01,Historical
rus-gop,handysize,Jun 26,46.58,Historical
rus-gop,handysize,Jul 26,47.5,Historical
rus-gop,handysize,Aug 26,46.33,Historical
ind-hal,capesize,Sep 23,11.14,Historical
ind-hal,capesize,Oct 23,12.31,Historical
ind-hal,capesize,Nov 23,11.61,Historical
ind-hal,capesize,Dec 23,13.48,Historical
ind-hal,capesize,Jan 24,12.89,Historical
ind-hal,capesize,Feb 24,11.99,Historical
ind-hal,capesize,Mar 24,11.96,Historical
ind-hal,capesize,Apr 24,12.29,Historical
ind-hal,capesize,May 24,10.59,Historical
ind-hal,capesize,Jun 24,10.52,Historical
ind-hal,capesize,Jul 24,10.4,Historical
ind-hal,capesize,Aug 24,10.81,Historical
ind-hal,capesize,Sep 24,12.66,Historical
ind-hal,capesize,Oct 24,12.5,Historical
ind-hal,capesize,Nov 24,13.7,Historical
ind-hal,capesize,Dec 24,13.67,Historical
ind-hal,capesize,Jan 25,14.14,Historical
ind-hal,capesize,Feb 25,13.6,Historical
ind-hal,capesize,Mar 25,13.37,Historical
ind-hal,capesize,Apr 25,11.79,Historical
ind-hal,capesize,May 25,11.48,Historical
ind-hal,capesize,Jun 25,10.95,Historical
ind-hal,capesize,Jul 25,11.57,Historical
ind-hal,capesize,Aug 25,12.71,Historical
ind-hal,capesize,Sep 25,13.79,Historical
ind-hal,capesize,Oct 25,13.63,Historical
ind-hal,capesize,Nov 25,15.35,Historical
ind-hal,capesize,Dec 25,15.94,Historical
ind-hal,capesize,Jan 26,15.27,Historical
ind-hal,capesize,Feb 26,15.7,Historical
ind-hal,capesize,Mar 26,13.45,Historical
ind-hal,capesize,Apr 26,12.52,Historical
ind-hal,capesize,May 26,11.74,Historical
ind-hal,capesize,Jun 26,13.61,Historical
ind-hal,capesize,Jul 26,13.4,Historical
ind-hal,capesize,Aug 26,13.62,Historical
ind-hal,panamax,Sep 23,15.67,Historical
ind-hal,panamax,Oct 23,15.67,Historical
ind-hal,panamax,Nov 23,18.46,Historical
ind-hal,panamax,Dec 23,17.37,Historical
ind-hal,panamax,Jan 24,17.25,Historical
ind-hal,panamax,Feb 24,17.17,Historical
ind-hal,panamax,Mar 24,16.37,Historical
ind-hal,panamax,Apr 24,15.56,Historical
ind-hal,panamax,May 24,14.5,Historical
ind-hal,panamax,Jun 24,15.16,Historical
ind-hal,panamax,Jul 24,16.3,Historical
ind-hal,panamax,Aug 24,16.63,Historical
ind-hal,panamax,Sep 24,17.62,Historical
ind-hal,panamax,Oct 24,17.21,Historical
ind-hal,panamax,Nov 24,17.57,Historical
ind-hal,panamax,Dec 24,18.38,Historical
ind-hal,panamax,Jan 25,18.39,Historical
ind-hal,panamax,Feb 25,18.56,Historical
ind-hal,panamax,Mar 25,16.23,Historical
ind-hal,panamax,Apr 25,17.51,Historical
ind-hal,panamax,May 25,16.05,Historical
ind-hal,panamax,Jun 25,15.79,Historical
ind-hal,panamax,Jul 25,15.73,Historical
ind-hal,panamax,Aug 25,15.99,Historical
ind-hal,panamax,Sep 25,18.33,Historical
ind-hal,panamax,Oct 25,18.72,Historical
ind-hal,panamax,Nov 25,18.55,Historical
ind-hal,panamax,Dec 25,18.85,Historical
ind-hal,panamax,Jan 26,19.32,Historical
ind-hal,panamax,Feb 26,20.07,Historical
ind-hal,panamax,Mar 26,18.26,Historical
ind-hal,panamax,Apr 26,16.86,Historical
ind-hal,panamax,May 26,17.16,Historical
ind-hal,panamax,Jun 26,17.04,Historical
ind-hal,panamax,Jul 26,15.89,Historical
ind-hal,panamax,Aug 26,18.12,Historical
ind-hal,supramax,Sep 23,19.66,Historical
ind-hal,supramax,Oct 23,21.06,Historical
ind-hal,supramax,Nov 23,22.4,Historical
ind-hal,supramax,Dec 23,22.27,Historical
ind-hal,supramax,Jan 24,21.33,Historical
ind-hal,supramax,Feb 24,20.37,Historical
ind-hal,supramax,Mar 24,21.93,Historical
ind-hal,supramax,Apr 24,19.77,Historical
ind-hal,supramax,May 24,19.29,Historical
ind-hal,supramax,Jun 24,19.16,Historical
ind-hal,supramax,Jul 24,19.59,Historical
ind-hal,supramax,Aug 24,20.03,Historical
ind-hal,supramax,Sep 24,20.62,Historical
ind-hal,supramax,Oct 24,21.49,Historical
ind-hal,supramax,Nov 24,22.44,Historical
ind-hal,supramax,Dec 24,22.43,Historical
ind-hal,supramax,Jan 25,22.23,Historical
ind-hal,supramax,Feb 25,22.27,Historical
ind-hal,supramax,Mar 25,21.4,Historical
ind-hal,supramax,Apr 25,21.8,Historical
ind-hal,supramax,May 25,18.85,Historical
ind-hal,supramax,Jun 25,21.0,Historical
ind-hal,supramax,Jul 25,21.39,Historical
ind-hal,supramax,Aug 25,20.04,Historical
ind-hal,supramax,Sep 25,21.93,Historical
ind-hal,supramax,Oct 25,22.76,Historical
ind-hal,supramax,Nov 25,22.78,Historical
ind-hal,supramax,Dec 25,23.46,Historical
ind-hal,supramax,Jan 26,23.15,Historical
ind-hal,supramax,Feb 26,24.42,Historical
ind-hal,supramax,Mar 26,23.28,Historical
ind-hal,supramax,Apr 26,22.83,Historical
ind-hal,supramax,May 26,22.05,Historical
ind-hal,supramax,Jun 26,20.83,Historical
ind-hal,supramax,Jul 26,21.49,Historical
ind-hal,supramax,Aug 26,22.75,Historical
ind-hal,handysize,Sep 23,26.77,Historical
ind-hal,handysize,Oct 23,28.78,Historical
ind-hal,handysize,Nov 23,28.85,Historical
ind-hal,handysize,Dec 23,29.07,Historical
ind-hal,handysize,Jan 24,29.61,Historical
ind-hal,handysize,Feb 24,29.0,Historical
ind-hal,handysize,Mar 24,27.87,Historical
ind-hal,handysize,Apr 24,28.13,Historical
ind-hal,handysize,May 24,26.33,Historical
ind-hal,handysize,Jun 24,27.24,Historical
ind-hal,handysize,Jul 24,27.53,Historical
ind-hal,handysize,Aug 24,27.63,Historical
ind-hal,handysize,Sep 24,28.86,Historical
ind-hal,handysize,Oct 24,28.76,Historical
ind-hal,handysize,Nov 24,30.71,Historical
ind-hal,handysize,Dec 24,30.35,Historical
ind-hal,handysize,Jan 25,30.04,Historical
ind-hal,handysize,Feb 25,30.53,Historical
ind-hal,handysize,Mar 25,28.83,Historical
ind-hal,handysize,Apr 25,27.75,Historical
ind-hal,handysize,May 25,27.21,Historical
ind-hal,handysize,Jun 25,28.41,Historical
ind-hal,handysize,Jul 25,27.57,Historical
ind-hal,handysize,Aug 25,30.04,Historical
ind-hal,handysize,Sep 25,28.58,Historical
ind-hal,handysize,Oct 25,31.7,Historical
ind-hal,handysize,Nov 25,31.45,Historical
ind-hal,handysize,Dec 25,31.57,Historical
ind-hal,handysize,Jan 26,31.19,Historical
ind-hal,handysize,Feb 26,31.31,Historical
ind-hal,handysize,Mar 26,30.39,Historical
ind-hal,handysize,Apr 26,30.43,Historical
ind-hal,handysize,May 26,29.38,Historical
ind-hal,handysize,Jun 26,29.3,Historical
ind-hal,handysize,Jul 26,29.29,Historical
ind-hal,handysize,Aug 26,30.12,Historical
aus-par,capesize,Jan 13,12.7283,DerivedProxy
aus-par,panamax,Jan 13,17.8608,DerivedProxy
aus-par,supramax,Jan 13,22.3605,DerivedProxy
aus-par,handysize,Jan 13,30.5478,DerivedProxy
aus-par,capesize,Feb 13,12.7006,DerivedProxy
aus-par,panamax,Feb 13,17.822,DerivedProxy
aus-par,supramax,Feb 13,22.3119,DerivedProxy
aus-par,handysize,Feb 13,30.4814,DerivedProxy
aus-par,capesize,Mar 13,14.0538,DerivedProxy
aus-par,panamax,Mar 13,19.7209,DerivedProxy
aus-par,supramax,Mar 13,24.6891,DerivedProxy
aus-par,handysize,Mar 13,33.7292,DerivedProxy
aus-par,capesize,Apr 13,13.6498,DerivedProxy
aus-par,panamax,Apr 13,19.154,DerivedProxy
aus-par,supramax,Apr 13,23.9794,DerivedProxy
aus-par,handysize,Apr 13,32.7596,DerivedProxy
aus-par,capesize,May 13,13.1733,DerivedProxy
aus-par,panamax,May 13,18.4853,DerivedProxy
aus-par,supramax,May 13,23.1422,DerivedProxy
aus-par,handysize,May 13,31.6158,DerivedProxy
aus-par,capesize,Jun 13,16.1446,DerivedProxy
aus-par,panamax,Jun 13,22.6548,DerivedProxy
aus-par,supramax,Jun 13,28.3622,DerivedProxy
aus-par,handysize,Jun 13,38.7471,DerivedProxy
aus-par,capesize,Jul 13,15.3,DerivedProxy
aus-par,panamax,Jul 13,21.4696,DerivedProxy
aus-par,supramax,Jul 13,26.8783,DerivedProxy
aus-par,handysize,Jul 13,36.7199,DerivedProxy
aus-par,capesize,Aug 13,15.8466,DerivedProxy
aus-par,panamax,Aug 13,22.2367,DerivedProxy
aus-par,supramax,Aug 13,27.8387,DerivedProxy
aus-par,handysize,Aug 13,38.0319,DerivedProxy
aus-par,capesize,Sep 13,21.6893,DerivedProxy
aus-par,panamax,Sep 13,30.4354,DerivedProxy
aus-par,supramax,Sep 13,38.1029,DerivedProxy
aus-par,handysize,Sep 13,52.0544,DerivedProxy
aus-par,capesize,Oct 13,18.5271,DerivedProxy
aus-par,panamax,Oct 13,25.9981,DerivedProxy
aus-par,supramax,Oct 13,32.5476,DerivedProxy
aus-par,handysize,Oct 13,44.4651,DerivedProxy
aus-par,capesize,Nov 13,20.5822,DerivedProxy
aus-par,panamax,Nov 13,28.8818,DerivedProxy
aus-par,supramax,Nov 13,36.1579,DerivedProxy
aus-par,handysize,Nov 13,49.3973,DerivedProxy
aus-par,capesize,Dec 13,23.274,DerivedProxy
aus-par,panamax,Dec 13,32.6591,DerivedProxy
aus-par,supramax,Dec 13,40.8868,DerivedProxy
aus-par,handysize,Dec 13,55.8576,DerivedProxy
aus-par,capesize,Jan 14,15.6765,DerivedProxy
aus-par,panamax,Jan 14,21.9979,DerivedProxy
aus-par,supramax,Jan 14,27.5398,DerivedProxy
aus-par,handysize,Jan 14,37.6236,DerivedProxy
aus-par,capesize,Feb 14,16.7937,DerivedProxy
aus-par,panamax,Feb 14,23.5656,DerivedProxy
aus-par,supramax,Feb 14,29.5024,DerivedProxy
aus-par,handysize,Feb 14,40.3048,DerivedProxy
aus-par,capesize,Mar 14,17.5436,DerivedProxy
aus-par,panamax,Mar 14,24.618,DerivedProxy
aus-par,supramax,Mar 14,30.8199,DerivedProxy
aus-par,handysize,Mar 14,42.1047,DerivedProxy
aus-par,capesize,Apr 14,14.3319,DerivedProxy
aus-par,panamax,Apr 14,20.1111,DerivedProxy
aus-par,supramax,Apr 14,25.1776,DerivedProxy
aus-par,handysize,Apr 14,34.3965,DerivedProxy
aus-par,capesize,May 14,14.2565,DerivedProxy
aus-par,panamax,May 14,20.0053,DerivedProxy
aus-par,supramax,May 14,25.0452,DerivedProxy
aus-par,handysize,May 14,34.2156,DerivedProxy
aus-par,capesize,Jun 14,13.5364,DerivedProxy
aus-par,panamax,Jun 14,18.9948,DerivedProxy
aus-par,supramax,Jun 14,23.7801,DerivedProxy
aus-par,handysize,Jun 14,32.4873,DerivedProxy
aus-par,capesize,Jul 14,12.6821,DerivedProxy
aus-par,panamax,Jul 14,17.7961,DerivedProxy
aus-par,supramax,Jul 14,22.2794,DerivedProxy
aus-par,handysize,Jul 14,30.4371,DerivedProxy
aus-par,capesize,Aug 14,15.9618,DerivedProxy
aus-par,panamax,Aug 14,22.3983,DerivedProxy
aus-par,supramax,Aug 14,28.041,DerivedProxy
aus-par,handysize,Aug 14,38.3083,DerivedProxy
aus-par,capesize,Sep 14,15.3079,DerivedProxy
aus-par,panamax,Sep 14,21.4807,DerivedProxy
aus-par,supramax,Sep 14,26.8922,DerivedProxy
aus-par,handysize,Sep 14,36.7389,DerivedProxy
aus-par,capesize,Oct 14,18.0062,DerivedProxy
aus-par,panamax,Oct 14,25.2671,DerivedProxy
aus-par,supramax,Oct 14,31.6325,DerivedProxy
aus-par,handysize,Oct 14,43.2149,DerivedProxy
aus-par,capesize,Nov 14,16.0077,DerivedProxy
aus-par,panamax,Nov 14,22.4626,DerivedProxy
aus-par,supramax,Nov 14,28.1216,DerivedProxy
aus-par,handysize,Nov 14,38.4184,DerivedProxy
aus-par,capesize,Dec 14,12.9296,DerivedProxy
aus-par,panamax,Dec 14,18.1434,DerivedProxy
aus-par,supramax,Dec 14,22.7142,DerivedProxy
aus-par,handysize,Dec 14,31.0311,DerivedProxy
aus-par,capesize,Jan 15,11.2582,DerivedProxy
aus-par,panamax,Jan 15,15.798,DerivedProxy
aus-par,supramax,Jan 15,19.7779,DerivedProxy
aus-par,handysize,Jan 15,27.0197,DerivedProxy
aus-par,capesize,Feb 15,10.5472,DerivedProxy
aus-par,panamax,Feb 15,14.8003,DerivedProxy
aus-par,supramax,Feb 15,18.5289,DerivedProxy
aus-par,handysize,Feb 15,25.3133,DerivedProxy
aus-par,capesize,Mar 15,11.1969,DerivedProxy
aus-par,panamax,Mar 15,15.712,DerivedProxy
aus-par,supramax,Mar 15,19.6703,DerivedProxy
aus-par,handysize,Mar 15,26.8727,DerivedProxy
aus-par,capesize,Apr 15,11.084,DerivedProxy
aus-par,panamax,Apr 15,15.5535,DerivedProxy
aus-par,supramax,Apr 15,19.4718,DerivedProxy
aus-par,handysize,Apr 15,26.6015,DerivedProxy
aus-par,capesize,May 15,11.0633,DerivedProxy
aus-par,panamax,May 15,15.5245,DerivedProxy
aus-par,supramax,May 15,19.4355,DerivedProxy
aus-par,handysize,May 15,26.5519,DerivedProxy
aus-par,capesize,Jun 15,13.0925,DerivedProxy
aus-par,panamax,Jun 15,18.3719,DerivedProxy
aus-par,supramax,Jun 15,23.0003,DerivedProxy
aus-par,handysize,Jun 15,31.4219,DerivedProxy
aus-par,capesize,Jul 15,15.8389,DerivedProxy
aus-par,panamax,Jul 15,22.2259,DerivedProxy
aus-par,supramax,Jul 15,27.8252,DerivedProxy
aus-par,handysize,Jul 15,38.0134,DerivedProxy
aus-par,capesize,Aug 15,13.9943,DerivedProxy
aus-par,panamax,Aug 15,19.6373,DerivedProxy
aus-par,supramax,Aug 15,24.5845,DerivedProxy
aus-par,handysize,Aug 15,33.5862,DerivedProxy
aus-par,capesize,Sep 15,13.9687,DerivedProxy
aus-par,panamax,Sep 15,19.6014,DerivedProxy
aus-par,supramax,Sep 15,24.5395,DerivedProxy
aus-par,handysize,Sep 15,33.5248,DerivedProxy
aus-par,capesize,Oct 15,12.3648,DerivedProxy
aus-par,panamax,Oct 15,17.3508,DerivedProxy
aus-par,supramax,Oct 15,21.7219,DerivedProxy
aus-par,handysize,Oct 15,29.6754,DerivedProxy
aus-par,capesize,Nov 15,11.0116,DerivedProxy
aus-par,panamax,Nov 15,15.4519,DerivedProxy
aus-par,supramax,Nov 15,19.3446,DerivedProxy
aus-par,handysize,Nov 15,26.4277,DerivedProxy
aus-par,capesize,Dec 15,9.863,DerivedProxy
aus-par,panamax,Dec 15,13.8401,DerivedProxy
aus-par,supramax,Dec 15,17.3268,DerivedProxy
aus-par,handysize,Dec 15,23.6711,DerivedProxy
aus-par,capesize,Jan 16,7.8687,DerivedProxy
aus-par,panamax,Jan 16,11.0417,DerivedProxy
aus-par,supramax,Jan 16,13.8234,DerivedProxy
aus-par,handysize,Jan 16,18.8849,DerivedProxy
aus-par,capesize,Feb 16,8.0312,DerivedProxy
aus-par,panamax,Feb 16,11.2697,DerivedProxy
aus-par,supramax,Feb 16,14.1088,DerivedProxy
aus-par,handysize,Feb 16,19.2748,DerivedProxy
aus-par,capesize,Mar 16,9.2934,DerivedProxy
aus-par,panamax,Mar 16,13.0409,DerivedProxy
aus-par,supramax,Mar 16,16.3262,DerivedProxy
aus-par,handysize,Mar 16,22.3041,DerivedProxy
aus-par,capesize,Apr 16,12.194,DerivedProxy
aus-par,panamax,Apr 16,17.1112,DerivedProxy
aus-par,supramax,Apr 16,21.4219,DerivedProxy
aus-par,handysize,Apr 16,29.2657,DerivedProxy
aus-par,capesize,May 16,11.2989,DerivedProxy
aus-par,panamax,May 16,15.8551,DerivedProxy
aus-par,supramax,May 16,19.8494,DerivedProxy
aus-par,handysize,May 16,27.1173,DerivedProxy
aus-par,capesize,Jun 16,11.778,DerivedProxy
aus-par,panamax,Jun 16,16.5274,DerivedProxy
aus-par,supramax,Jun 16,20.691,DerivedProxy
aus-par,handysize,Jun 16,28.2671,DerivedProxy
aus-par,capesize,Jul 16,11.7387,DerivedProxy
aus-par,panamax,Jul 16,16.4722,DerivedProxy
aus-par,supramax,Jul 16,20.622,DerivedProxy
aus-par,handysize,Jul 16,28.1728,DerivedProxy
aus-par,capesize,Aug 16,12.2701,DerivedProxy
aus-par,panamax,Aug 16,17.218,DerivedProxy
aus-par,supramax,Aug 16,21.5557,DerivedProxy
aus-par,handysize,Aug 16,29.4484,DerivedProxy
aus-par,capesize,Sep 16,13.7539,DerivedProxy
aus-par,panamax,Sep 16,19.3001,DerivedProxy
aus-par,supramax,Sep 16,24.1623,DerivedProxy
aus-par,handysize,Sep 16,33.0094,DerivedProxy
aus-par,capesize,Oct 16,13.5976,DerivedProxy
aus-par,panamax,Oct 16,19.0807,DerivedProxy
aus-par,supramax,Oct 16,23.8876,DerivedProxy
aus-par,handysize,Oct 16,32.6341,DerivedProxy
aus-par,capesize,Nov 16,16.3933,DerivedProxy
aus-par,panamax,Nov 16,23.0038,DerivedProxy
aus-par,supramax,Nov 16,28.799,DerivedProxy
aus-par,handysize,Nov 16,39.3439,DerivedProxy
aus-par,capesize,Dec 16,14.4817,DerivedProxy
aus-par,panamax,Dec 16,20.3213,DerivedProxy
aus-par,supramax,Dec 16,25.4408,DerivedProxy
aus-par,handysize,Dec 16,34.7561,DerivedProxy
aus-par,capesize,Jan 17,13.0925,DerivedProxy
aus-par,panamax,Jan 17,18.3719,DerivedProxy
aus-par,supramax,Jan 17,23.0003,DerivedProxy
aus-par,handysize,Jan 17,31.4219,DerivedProxy
aus-par,capesize,Feb 17,13.615,DerivedProxy
aus-par,panamax,Feb 17,19.1052,DerivedProxy
aus-par,supramax,Feb 17,23.9183,DerivedProxy
aus-par,handysize,Feb 17,32.676,DerivedProxy
aus-par,capesize,Mar 17,17.0781,DerivedProxy
aus-par,panamax,Mar 17,23.9647,DerivedProxy
aus-par,supramax,Mar 17,30.002,DerivedProxy
aus-par,handysize,Mar 17,40.9873,DerivedProxy
aus-par,capesize,Apr 17,15.6687,DerivedProxy
aus-par,panamax,Apr 17,21.987,DerivedProxy
aus-par,supramax,Apr 17,27.5262,DerivedProxy
aus-par,handysize,Apr 17,37.605,DerivedProxy
aus-par,capesize,May 17,13.7798,DerivedProxy
aus-par,panamax,May 17,19.3364,DerivedProxy
aus-par,supramax,May 17,24.2078,DerivedProxy
aus-par,handysize,May 17,33.0716,DerivedProxy
aus-par,capesize,Jun 17,13.9772,DerivedProxy
aus-par,panamax,Jun 17,19.6134,DerivedProxy
aus-par,supramax,Jun 17,24.5545,DerivedProxy
aus-par,handysize,Jun 17,33.5453,DerivedProxy
aus-par,capesize,Jul 17,14.3569,DerivedProxy
aus-par,panamax,Jul 17,20.1463,DerivedProxy
aus-par,supramax,Jul 17,25.2216,DerivedProxy
aus-par,handysize,Jul 17,34.4566,DerivedProxy
aus-par,capesize,Aug 17,16.243,DerivedProxy
aus-par,panamax,Aug 17,22.7928,DerivedProxy
aus-par,supramax,Aug 17,28.5349,DerivedProxy
aus-par,handysize,Aug 17,38.9831,DerivedProxy
aus-par,capesize,Sep 17,17.5011,DerivedProxy
aus-par,panamax,Sep 17,24.5582,DerivedProxy
aus-par,supramax,Sep 17,30.7451,DerivedProxy
aus-par,handysize,Sep 17,42.0025,DerivedProxy
aus-par,capesize,Oct 17,18.6487,DerivedProxy
aus-par,panamax,Oct 17,26.1687,DerivedProxy
aus-par,supramax,Oct 17,32.7613,DerivedProxy
aus-par,handysize,Oct 17,44.757,DerivedProxy
aus-par,capesize,Nov 17,19.0231,DerivedProxy
aus-par,panamax,Nov 17,26.694,DerivedProxy
aus-par,supramax,Nov 17,33.4189,DerivedProxy
aus-par,handysize,Nov 17,45.6553,DerivedProxy
aus-par,capesize,Dec 17,17.5719,DerivedProxy
aus-par,panamax,Dec 17,24.6577,DerivedProxy
aus-par,supramax,Dec 17,30.8696,DerivedProxy
aus-par,handysize,Dec 17,42.1726,DerivedProxy
aus-par,capesize,Jan 18,16.0,DerivedProxy
aus-par,panamax,Jan 18,22.4519,DerivedProxy
aus-par,supramax,Jan 18,28.1081,DerivedProxy
aus-par,handysize,Jan 18,38.4,DerivedProxy
aus-par,capesize,Feb 18,16.3032,DerivedProxy
aus-par,panamax,Feb 18,22.8774,DerivedProxy
aus-par,supramax,Feb 18,28.6408,DerivedProxy
aus-par,handysize,Feb 18,39.1277,DerivedProxy
aus-par,capesize,Mar 18,15.2444,DerivedProxy
aus-par,panamax,Mar 18,21.3916,DerivedProxy
aus-par,supramax,Mar 18,26.7807,DerivedProxy
aus-par,handysize,Mar 18,36.5866,DerivedProxy
aus-par,capesize,Apr 18,17.3943,DerivedProxy
aus-par,panamax,Apr 18,24.4085,DerivedProxy
aus-par,supramax,Apr 18,30.5576,DerivedProxy
aus-par,handysize,Apr 18,41.7464,DerivedProxy
aus-par,capesize,May 18,15.5205,DerivedProxy
aus-par,panamax,May 18,21.7791,DerivedProxy
aus-par,supramax,May 18,27.2658,DerivedProxy
aus-par,handysize,May 18,37.2492,DerivedProxy
aus-par,capesize,Jun 18,17.7059,DerivedProxy
aus-par,panamax,Jun 18,24.8457,DerivedProxy
aus-par,supramax,Jun 18,31.105,DerivedProxy
aus-par,handysize,Jun 18,42.4942,DerivedProxy
aus-par,capesize,Jul 18,20.1179,DerivedProxy
aus-par,panamax,Jul 18,28.2303,DerivedProxy
aus-par,supramax,Jul 18,35.3423,DerivedProxy
aus-par,handysize,Jul 18,48.283,DerivedProxy
aus-par,capesize,Aug 18,19.0297,DerivedProxy
aus-par,panamax,Aug 18,26.7033,DerivedProxy
aus-par,supramax,Aug 18,33.4305,DerivedProxy
aus-par,handysize,Aug 18,45.6713,DerivedProxy
aus-par,capesize,Sep 18,18.7697,DerivedProxy
aus-par,panamax,Sep 18,26.3385,DerivedProxy
aus-par,supramax,Sep 18,32.9738,DerivedProxy
aus-par,handysize,Sep 18,45.0473,DerivedProxy
aus-par,capesize,Oct 18,18.4321,DerivedProxy
aus-par,panamax,Oct 18,25.8647,DerivedProxy
aus-par,supramax,Oct 18,32.3807,DerivedProxy
aus-par,handysize,Oct 18,44.237,DerivedProxy
aus-par,capesize,Nov 18,16.5945,DerivedProxy
aus-par,panamax,Nov 18,23.2861,DerivedProxy
aus-par,supramax,Nov 18,29.1525,DerivedProxy
aus-par,handysize,Nov 18,39.8267,DerivedProxy
aus-par,capesize,Dec 18,16.8889,DerivedProxy
aus-par,panamax,Dec 18,23.6992,DerivedProxy
aus-par,supramax,Dec 18,29.6697,DerivedProxy
aus-par,handysize,Dec 18,40.5334,DerivedProxy
aus-par,capesize,Jan 19,11.8563,DerivedProxy
aus-par,panamax,Jan 19,16.6373,DerivedProxy
aus-par,supramax,Jan 19,20.8286,DerivedProxy
aus-par,handysize,Jan 19,28.4551,DerivedProxy
aus-par,capesize,Feb 19,11.7583,DerivedProxy
aus-par,panamax,Feb 19,16.4998,DerivedProxy
aus-par,supramax,Feb 19,20.6565,DerivedProxy
aus-par,handysize,Feb 19,28.22,DerivedProxy
aus-par,capesize,Mar 19,12.0599,DerivedProxy
aus-par,panamax,Mar 19,16.9229,DerivedProxy
aus-par,supramax,Mar 19,21.1862,DerivedProxy
aus-par,handysize,Mar 19,28.9437,DerivedProxy
aus-par,capesize,Apr 19,14.8914,DerivedProxy
aus-par,panamax,Apr 19,20.8962,DerivedProxy
aus-par,supramax,Apr 19,26.1605,DerivedProxy
aus-par,handysize,Apr 19,35.7393,DerivedProxy
aus-par,capesize,May 19,15.5674,DerivedProxy
aus-par,panamax,May 19,21.8449,DerivedProxy
aus-par,supramax,May 19,27.3482,DerivedProxy
aus-par,handysize,May 19,37.3619,DerivedProxy
aus-par,capesize,Jun 19,17.4869,DerivedProxy
aus-par,panamax,Jun 19,24.5383,DerivedProxy
aus-par,supramax,Jun 19,30.7202,DerivedProxy
aus-par,handysize,Jun 19,41.9685,DerivedProxy
aus-par,capesize,Jul 19,20.8727,DerivedProxy
aus-par,panamax,Jul 19,29.2895,DerivedProxy
aus-par,supramax,Jul 19,36.6683,DerivedProxy
aus-par,handysize,Jul 19,50.0945,DerivedProxy
aus-par,capesize,Aug 19,23.8363,DerivedProxy
aus-par,panamax,Aug 19,33.4481,DerivedProxy
aus-par,supramax,Aug 19,41.8745,DerivedProxy
aus-par,handysize,Aug 19,57.207,DerivedProxy
aus-par,capesize,Sep 19,20.5946,DerivedProxy
aus-par,panamax,Sep 19,28.8993,DerivedProxy
aus-par,supramax,Sep 19,36.1798,DerivedProxy
aus-par,handysize,Sep 19,49.4271,DerivedProxy
aus-par,capesize,Oct 19,20.0164,DerivedProxy
aus-par,panamax,Oct 19,28.0878,DerivedProxy
aus-par,supramax,Oct 19,35.1639,DerivedProxy
aus-par,handysize,Oct 19,48.0392,DerivedProxy
aus-par,capesize,Nov 19,18.6891,DerivedProxy
aus-par,panamax,Nov 19,26.2254,DerivedProxy
aus-par,supramax,Nov 19,32.8323,DerivedProxy
aus-par,handysize,Nov 19,44.8539,DerivedProxy
aus-par,capesize,Dec 19,15.5205,DerivedProxy
aus-par,panamax,Dec 19,21.7791,DerivedProxy
aus-par,supramax,Dec 19,27.2658,DerivedProxy
aus-par,handysize,Dec 19,37.2492,DerivedProxy
aus-par,capesize,Jan 20,9.9647,DerivedProxy
aus-par,panamax,Jan 20,13.9828,DerivedProxy
aus-par,supramax,Jan 20,17.5055,DerivedProxy
aus-par,handysize,Jan 20,23.9152,DerivedProxy
aus-par,capesize,Feb 20,10.4934,DerivedProxy
aus-par,panamax,Feb 20,14.7248,DerivedProxy
aus-par,supramax,Feb 20,18.4343,DerivedProxy
aus-par,handysize,Feb 20,25.1842,DerivedProxy
aus-par,capesize,Mar 20,11.4403,DerivedProxy
aus-par,panamax,Mar 20,16.0535,DerivedProxy
aus-par,supramax,Mar 20,20.0978,DerivedProxy
aus-par,handysize,Mar 20,27.4567,DerivedProxy
aus-par,capesize,Apr 20,11.5305,DerivedProxy
aus-par,panamax,Apr 20,16.1801,DerivedProxy
aus-par,supramax,Apr 20,20.2562,DerivedProxy
aus-par,handysize,Apr 20,27.6731,DerivedProxy
aus-par,capesize,May 20,10.1545,DerivedProxy
aus-par,panamax,May 20,14.2492,DerivedProxy
aus-par,supramax,May 20,17.839,DerivedProxy
aus-par,handysize,May 20,24.3708,DerivedProxy
aus-par,capesize,Jun 20,20.4451,DerivedProxy
aus-par,panamax,Jun 20,28.6894,DerivedProxy
aus-par,supramax,Jun 20,35.917,DerivedProxy
aus-par,handysize,Jun 20,49.0682,DerivedProxy
aus-par,capesize,Jul 20,17.4584,DerivedProxy
aus-par,panamax,Jul 20,24.4984,DerivedProxy
aus-par,supramax,Jul 20,30.6702,DerivedProxy
aus-par,handysize,Jul 20,41.9002,DerivedProxy
aus-par,capesize,Aug 20,18.4185,DerivedProxy
aus-par,panamax,Aug 20,25.8456,DerivedProxy
aus-par,supramax,Aug 20,32.3567,DerivedProxy
aus-par,handysize,Aug 20,44.2043,DerivedProxy
aus-par,capesize,Sep 20,19.9782,DerivedProxy
aus-par,panamax,Sep 20,28.0342,DerivedProxy
aus-par,supramax,Sep 20,35.0968,DerivedProxy
aus-par,handysize,Sep 20,47.9476,DerivedProxy
aus-par,capesize,Oct 20,16.9764,DerivedProxy
aus-par,panamax,Oct 20,23.8221,DerivedProxy
aus-par,supramax,Oct 20,29.8234,DerivedProxy
aus-par,handysize,Oct 20,40.7434,DerivedProxy
aus-par,capesize,Nov 20,16.5648,DerivedProxy
aus-par,panamax,Nov 20,23.2444,DerivedProxy
aus-par,supramax,Nov 20,29.1003,DerivedProxy
aus-par,handysize,Nov 20,39.7555,DerivedProxy
aus-par,capesize,Dec 20,17.5719,DerivedProxy
aus-par,panamax,Dec 20,24.6577,DerivedProxy
aus-par,supramax,Dec 20,30.8696,DerivedProxy
aus-par,handysize,Dec 20,42.1726,DerivedProxy
aus-par,capesize,Jan 21,18.172,DerivedProxy
aus-par,panamax,Jan 21,25.4998,DerivedProxy
aus-par,supramax,Jan 21,31.9238,DerivedProxy
aus-par,handysize,Jan 21,43.6128,DerivedProxy
aus-par,capesize,Feb 21,19.6576,DerivedProxy
aus-par,panamax,Feb 21,27.5843,DerivedProxy
aus-par,supramax,Feb 21,34.5336,DerivedProxy
aus-par,handysize,Feb 21,47.1782,DerivedProxy
aus-par,capesize,Mar 21,21.9442,DerivedProxy
aus-par,panamax,Mar 21,30.793,DerivedProxy
aus-par,supramax,Mar 21,38.5506,DerivedProxy
aus-par,handysize,Mar 21,52.6661,DerivedProxy
aus-par,capesize,Apr 21,27.3477,DerivedProxy
aus-par,panamax,Apr 21,38.3755,DerivedProxy
aus-par,supramax,Apr 21,48.0433,DerivedProxy
aus-par,handysize,Apr 21,65.6346,DerivedProxy
aus-par,capesize,May 21,25.0143,DerivedProxy
aus-par,panamax,May 21,35.1012,DerivedProxy
aus-par,supramax,May 21,43.9441,DerivedProxy
aus-par,handysize,May 21,60.0344,DerivedProxy
aus-par,capesize,Jun 21,28.9359,DerivedProxy
aus-par,panamax,Jun 21,40.6042,DerivedProxy
aus-par,supramax,Jun 21,50.8334,DerivedProxy
aus-par,handysize,Jun 21,69.4463,DerivedProxy
aus-par,capesize,Jul 21,28.5052,DerivedProxy
aus-par,panamax,Jul 21,39.9998,DerivedProxy
aus-par,supramax,Jul 21,50.0767,DerivedProxy
aus-par,handysize,Jul 21,68.4125,DerivedProxy
aus-par,capesize,Aug 21,32.3005,DerivedProxy
aus-par,panamax,Aug 21,45.3255,DerivedProxy
aus-par,supramax,Aug 21,56.7442,DerivedProxy
aus-par,handysize,Aug 21,77.5213,DerivedProxy
aus-par,capesize,Sep 21,36.526,DerivedProxy
aus-par,panamax,Sep 21,51.2549,DerivedProxy
aus-par,supramax,Sep 21,64.1674,DerivedProxy
aus-par,handysize,Sep 21,87.6625,DerivedProxy
aus-par,capesize,Oct 21,29.5701,DerivedProxy
aus-par,panamax,Oct 21,41.494,DerivedProxy
aus-par,supramax,Oct 21,51.9474,DerivedProxy
aus-par,handysize,Oct 21,70.9681,DerivedProxy
aus-par,capesize,Nov 21,27.1748,DerivedProxy
aus-par,panamax,Nov 21,38.1329,DerivedProxy
aus-par,supramax,Nov 21,47.7396,DerivedProxy
aus-par,handysize,Nov 21,65.2196,DerivedProxy
aus-par,capesize,Dec 21,22.9347,DerivedProxy
aus-par,panamax,Dec 21,32.1829,DerivedProxy
aus-par,supramax,Dec 21,40.2907,DerivedProxy
aus-par,handysize,Dec 21,55.0432,DerivedProxy
aus-par,capesize,Jan 22,17.9367,DerivedProxy
aus-par,panamax,Jan 22,25.1696,DerivedProxy
aus-par,supramax,Jan 22,31.5105,DerivedProxy
aus-par,handysize,Jan 22,43.0482,DerivedProxy
aus-par,capesize,Feb 22,21.9088,DerivedProxy
aus-par,panamax,Feb 22,30.7433,DerivedProxy
aus-par,supramax,Feb 22,38.4884,DerivedProxy
aus-par,handysize,Feb 22,52.5811,DerivedProxy
aus-par,capesize,Mar 22,23.7258,DerivedProxy
aus-par,panamax,Mar 22,33.2931,DerivedProxy
aus-par,supramax,Mar 22,41.6804,DerivedProxy
aus-par,handysize,Mar 22,56.9419,DerivedProxy
aus-par,capesize,Apr 22,23.9792,DerivedProxy
aus-par,panamax,Apr 22,33.6487,DerivedProxy
aus-par,supramax,Apr 22,42.1257,DerivedProxy
aus-par,handysize,Apr 22,57.5502,DerivedProxy
aus-par,capesize,May 22,24.8549,DerivedProxy
aus-par,panamax,May 22,34.8775,DerivedProxy
aus-par,supramax,May 22,43.6641,DerivedProxy
aus-par,handysize,May 22,59.6519,DerivedProxy
aus-par,capesize,Jun 22,23.0652,DerivedProxy
aus-par,panamax,Jun 22,32.3661,DerivedProxy
aus-par,supramax,Jun 22,40.52,DerivedProxy
aus-par,handysize,Jun 22,55.3566,DerivedProxy
aus-par,capesize,Jul 22,21.0381,DerivedProxy
aus-par,panamax,Jul 22,29.5216,DerivedProxy
aus-par,supramax,Jul 22,36.9588,DerivedProxy
aus-par,handysize,Jul 22,50.4915,DerivedProxy
aus-par,capesize,Aug 22,14.5148,DerivedProxy
aus-par,panamax,Aug 22,20.3678,DerivedProxy
aus-par,supramax,Aug 22,25.499,DerivedProxy
aus-par,handysize,Aug 22,34.8356,DerivedProxy
aus-par,capesize,Sep 22,20.2001,DerivedProxy
aus-par,panamax,Sep 22,28.3457,DerivedProxy
aus-par,supramax,Sep 22,35.4867,DerivedProxy
aus-par,handysize,Sep 22,48.4802,DerivedProxy
aus-par,capesize,Oct 22,18.2476,DerivedProxy
aus-par,panamax,Oct 22,25.6058,DerivedProxy
aus-par,supramax,Oct 22,32.0566,DerivedProxy
aus-par,handysize,Oct 22,43.7943,DerivedProxy
aus-par,capesize,Nov 22,17.494,DerivedProxy
aus-par,panamax,Nov 22,24.5483,DerivedProxy
aus-par,supramax,Nov 22,30.7326,DerivedProxy
aus-par,handysize,Nov 22,41.9855,DerivedProxy
aus-par,capesize,Dec 22,18.6015,DerivedProxy
aus-par,panamax,Dec 22,26.1025,DerivedProxy
aus-par,supramax,Dec 22,32.6783,DerivedProxy
aus-par,handysize,Dec 22,44.6437,DerivedProxy
aus-par,capesize,Jan 23,11.9826,DerivedProxy
aus-par,panamax,Jan 23,16.8146,DerivedProxy
aus-par,supramax,Jan 23,21.0506,DerivedProxy
aus-par,handysize,Jan 23,28.7583,DerivedProxy
aus-par,capesize,Feb 23,14.7204,DerivedProxy
aus-par,panamax,Feb 23,20.6564,DerivedProxy
aus-par,supramax,Feb 23,25.8602,DerivedProxy
aus-par,handysize,Feb 23,35.3291,DerivedProxy
aus-par,capesize,Mar 23,17.734,DerivedProxy
aus-par,panamax,Mar 23,24.8852,DerivedProxy
aus-par,supramax,Mar 23,31.1544,DerivedProxy
aus-par,handysize,Mar 23,42.5617,DerivedProxy
aus-par,capesize,Apr 23,19.0098,DerivedProxy
aus-par,panamax,Apr 23,26.6754,DerivedProxy
aus-par,supramax,Apr 23,33.3956,DerivedProxy
aus-par,handysize,Apr 23,45.6235,DerivedProxy
aus-par,capesize,May 23,14.6138,DerivedProxy
aus-par,panamax,May 23,20.5067,DerivedProxy
aus-par,supramax,May 23,25.6729,DerivedProxy
aus-par,handysize,May 23,35.0732,DerivedProxy
aus-par,capesize,Jun 23,15.5283,DerivedProxy
aus-par,panamax,Jun 23,21.79,DerivedProxy
aus-par,supramax,Jun 23,27.2795,DerivedProxy
aus-par,handysize,Jun 23,37.268,DerivedProxy
aus-par,capesize,Jul 23,15.8081,DerivedProxy
aus-par,panamax,Jul 23,22.1826,DerivedProxy
aus-par,supramax,Jul 23,27.771,DerivedProxy
aus-par,handysize,Jul 23,37.9394,DerivedProxy
aus-par,capesize,Aug 23,15.4892,DerivedProxy
aus-par,panamax,Aug 23,21.7351,DerivedProxy
aus-par,supramax,Aug 23,27.2107,DerivedProxy
aus-par,handysize,Aug 23,37.174,DerivedProxy
aus-par,capesize,Sep 23,19.8248,DerivedProxy
aus-par,panamax,Sep 23,27.819,DerivedProxy
aus-par,supramax,Sep 23,34.8274,DerivedProxy
aus-par,handysize,Sep 23,47.5795,DerivedProxy
aus-par,capesize,Oct 23,18.2201,DerivedProxy
aus-par,panamax,Oct 23,25.5673,DerivedProxy
aus-par,supramax,Oct 23,32.0084,DerivedProxy
aus-par,handysize,Oct 23,43.7284,DerivedProxy
aus-par,capesize,Nov 23,26.7713,DerivedProxy
aus-par,panamax,Nov 23,37.5666,DerivedProxy
aus-par,supramax,Nov 23,47.0306,DerivedProxy
aus-par,handysize,Nov 23,64.251,DerivedProxy
aus-par,capesize,Dec 23,22.2259,DerivedProxy
aus-par,panamax,Dec 23,31.1883,DerivedProxy
aus-par,supramax,Dec 23,39.0454,DerivedProxy
aus-par,handysize,Dec 23,53.3421,DerivedProxy
aus-par,capesize,Jan 24,17.7972,DerivedProxy
aus-par,panamax,Jan 24,24.9737,DerivedProxy
aus-par,supramax,Jan 24,31.2653,DerivedProxy
aus-par,handysize,Jan 24,42.7132,DerivedProxy
aus-par,capesize,Feb 24,22.3249,DerivedProxy
aus-par,panamax,Feb 24,31.3273,DerivedProxy
aus-par,supramax,Feb 24,39.2195,DerivedProxy
aus-par,handysize,Feb 24,53.5798,DerivedProxy
aus-par,capesize,Mar 24,20.5822,DerivedProxy
aus-par,panamax,Mar 24,28.8818,DerivedProxy
aus-par,supramax,Mar 24,36.1579,DerivedProxy
aus-par,handysize,Mar 24,49.3973,DerivedProxy
aus-par,capesize,Apr 24,19.722,DerivedProxy
aus-par,panamax,Apr 24,27.6748,DerivedProxy
aus-par,supramax,Apr 24,34.6468,DerivedProxy
aus-par,handysize,Apr 24,47.3329,DerivedProxy
aus-par,capesize,May 24,20.5449,DerivedProxy
aus-par,panamax,May 24,28.8295,DerivedProxy
aus-par,supramax,May 24,36.0924,DerivedProxy
aus-par,handysize,May 24,49.3077,DerivedProxy
aus-par,capesize,Jun 24,21.9678,DerivedProxy
aus-par,panamax,Jun 24,30.8261,DerivedProxy
aus-par,supramax,Jun 24,38.592,DerivedProxy
aus-par,handysize,Jun 24,52.7227,DerivedProxy
aus-par,capesize,Jul 24,19.8696,DerivedProxy
aus-par,panamax,Jul 24,27.8819,DerivedProxy
aus-par,supramax,Jul 24,34.9061,DerivedProxy
aus-par,handysize,Jul 24,47.6871,DerivedProxy
aus-par,capesize,Aug 24,20.5387,DerivedProxy
aus-par,panamax,Aug 24,28.8207,DerivedProxy
aus-par,supramax,Aug 24,36.0814,DerivedProxy
aus-par,handysize,Aug 24,49.2928,DerivedProxy
aus-par,capesize,Sep 24,22.1674,DerivedProxy
aus-par,panamax,Sep 24,31.1063,DerivedProxy
aus-par,supramax,Sep 24,38.9428,DerivedProxy
aus-par,handysize,Sep 24,53.2018,DerivedProxy
aus-par,capesize,Oct 24,17.727,DerivedProxy
aus-par,panamax,Oct 24,24.8753,DerivedProxy
aus-par,supramax,Oct 24,31.1421,DerivedProxy
aus-par,handysize,Oct 24,42.5448,DerivedProxy
aus-par,capesize,Nov 24,17.4869,DerivedProxy
aus-par,panamax,Nov 24,24.5383,DerivedProxy
aus-par,supramax,Nov 24,30.7202,DerivedProxy
aus-par,handysize,Nov 24,41.9685,DerivedProxy
aus-par,capesize,Dec 24,14.7776,DerivedProxy
aus-par,panamax,Dec 24,20.7366,DerivedProxy
aus-par,supramax,Dec 24,25.9606,DerivedProxy
aus-par,handysize,Dec 24,35.4662,DerivedProxy
aus-par,capesize,Jan 25,12.4962,DerivedProxy
aus-par,panamax,Jan 25,17.5353,DerivedProxy
aus-par,supramax,Jan 25,21.9529,DerivedProxy
aus-par,handysize,Jan 25,29.991,DerivedProxy
aus-par,capesize,Feb 25,16.5796,DerivedProxy
aus-par,panamax,Feb 25,23.2653,DerivedProxy
aus-par,supramax,Feb 25,29.1264,DerivedProxy
aus-par,handysize,Feb 25,39.7911,DerivedProxy
aus-par,capesize,Mar 25,19.1553,DerivedProxy
aus-par,panamax,Mar 25,26.8795,DerivedProxy
aus-par,supramax,Mar 25,33.6512,DerivedProxy
aus-par,handysize,Mar 25,45.9727,DerivedProxy
aus-par,capesize,Apr 25,17.713,DerivedProxy
aus-par,panamax,Apr 25,24.8556,DerivedProxy
aus-par,supramax,Apr 25,31.1174,DerivedProxy
aus-par,handysize,Apr 25,42.5111,DerivedProxy
aus-par,capesize,May 25,17.9367,DerivedProxy
aus-par,panamax,May 25,25.1696,DerivedProxy
aus-par,supramax,May 25,31.5105,DerivedProxy
aus-par,handysize,May 25,43.0482,DerivedProxy
aus-par,capesize,Jun 25,18.4253,DerivedProxy
aus-par,panamax,Jun 25,25.8551,DerivedProxy
aus-par,supramax,Jun 25,32.3687,DerivedProxy
aus-par,handysize,Jun 25,44.2206,DerivedProxy
aus-par,capesize,Jul 25,21.6893,DerivedProxy
aus-par,panamax,Jul 25,30.4354,DerivedProxy
aus-par,supramax,Jul 25,38.1029,DerivedProxy
aus-par,handysize,Jul 25,52.0544,DerivedProxy
aus-par,capesize,Aug 25,21.82,DerivedProxy
aus-par,panamax,Aug 25,30.6188,DerivedProxy
aus-par,supramax,Aug 25,38.3325,DerivedProxy
aus-par,handysize,Aug 25,52.3681,DerivedProxy
aus-par,capesize,Sep 25,22.4584,DerivedProxy
aus-par,panamax,Sep 25,31.5146,DerivedProxy
aus-par,supramax,Sep 25,39.4539,DerivedProxy
aus-par,handysize,Sep 25,53.9001,DerivedProxy
aus-par,capesize,Oct 25,21.468,DerivedProxy
aus-par,panamax,Oct 25,30.1249,DerivedProxy
aus-par,supramax,Oct 25,37.7141,DerivedProxy
aus-par,handysize,Oct 25,51.5233,DerivedProxy
aus-par,capesize,Nov 25,24.823,DerivedProxy
aus-par,panamax,Nov 25,34.8326,DerivedProxy
aus-par,supramax,Nov 25,43.6079,DerivedProxy
aus-par,handysize,Nov 25,59.5751,DerivedProxy
aus-par,capesize,Dec 25,20.928,DerivedProxy
aus-par,panamax,Dec 25,29.367,DerivedProxy
aus-par,supramax,Dec 25,36.7653,DerivedProxy
aus-par,handysize,Dec 25,50.2271,DerivedProxy
